periode_data;bulan;tanggal;stasiun;pm_sepuluh;pm_duakomalima;sulfur_dioksida;karbon_monoksida;ozon;nitrogen_dioksida;max;critical;kategori
202401;1;21;DKI3;51;65;45;9;8;79;79;null;SEDANG
202401;1;22;DKI3;27;34;45;5;8;56;56;null;SEDANG
202401;1;23;DKI3;N/A;52;46;6;9;51;52;PM25;SEDANG
202401;1;24;DKI3;46;65;46;8;9;38;65;PM25;SEDANG
202401;1;25;DKI3;37;55;47;7;11;28;55;PM25;SEDANG
202401;1;26;DKI3;43;62;50;7;15;14;62;PM25;SEDANG
202401;1;27;DKI3;40;52;48;8;12;10;52;PM25;SEDANG
202401;1;28;DKI3;40;62;48;12;12;18;62;PM25;SEDANG
202401;1;29;DKI3;33;44;47;14;12;24;47;SO2;BAIK
202401;1;30;DKI3;58;46;48;22;12;33;58;PM10;SEDANG
202401;1;31;DKI3;37;47;7;26;17;17;47;PM25;BAIK
202404;4;1;DKI1;63;96;11;26;27;52;96;PM25;SEDANG
202404;4;2;DKI1;67;97;14;28;28;62;97;PM25;SEDANG
202404;4;3;DKI1;62;78;13;25;24;52;78;PM25;SEDANG
202404;4;4;DKI1;48;63;12;30;24;51;63;PM25;SEDANG
202404;4;5;DKI1;67;102;13;34;26;58;102;PM25;TIDAK SEHAT
202404;4;6;DKI1;58;83;15;28;29;39;83;PM25;SEDANG
202404;4;7;DKI1;48;68;12;22;36;34;68;PM25;SEDANG
202404;4;8;DKI1;50;65;13;19;44;31;65;PM25;SEDANG
202404;4;9;DKI1;40;62;15;20;34;24;62;PM25;SEDANG
202404;4;10;DKI1;55;76;14;26;37;34;76;PM25;SEDANG
202404;4;11;DKI1;40;54;10;18;31;26;54;PM25;SEDANG
202404;4;12;DKI1;24;45;9;15;30;24;45;PM25;BAIK
202404;4;13;DKI1;33;53;10;20;31;29;53;PM25;SEDANG
202404;4;14;DKI1;27;47;9;17;34;23;47;PM25;BAIK
202404;4;15;DKI1;27;46;9;19;27;25;46;PM25;BAIK
202404;4;16;DKI1;32;52;13;17;25;20;52;PM25;SEDANG
202404;4;17;DKI1;46;69;12;21;35;32;69;PM25;SEDANG
202404;4;18;DKI1;44;60;11;24;33;37;60;PM25;SEDANG
202404;4;19;DKI1;41;60;14;21;25;38;60;PM25;SEDANG
202404;4;20;DKI1;57;77;20;22;24;33;77;PM25;SEDANG
202404;4;21;DKI1;40;52;13;18;24;25;52;PM25;SEDANG
202404;4;22;DKI1;53;71;13;22;23;40;71;PM25;SEDANG
202404;4;23;DKI1;52;70;14;25;17;41;70;PM25;SEDANG
202404;4;24;DKI1;50;71;13;25;22;49;71;PM25;SEDANG
202404;4;25;DKI1;52;69;11;23;31;51;69;PM25;SEDANG
202404;4;26;DKI1;41;58;13;19;26;35;58;PM25;SEDANG
202404;4;27;DKI1;53;73;19;22;20;34;73;PM25;SEDANG
202404;4;28;DKI1;51;74;13;25;28;34;74;PM25;SEDANG
202404;4;29;DKI1;50;65;13;17;28;28;65;PM25;SEDANG
202404;4;30;DKI1;53;70;16;18;27;33;70;PM25;SEDANG
202404;4;1;DKI2;78;111;58;15;35;44;111;PM25;TIDAK SEHAT
202404;4;2;DKI2;80;109;58;12;30;48;109;PM25;TIDAK SEHAT
202404;4;3;DKI2;71;93;56;13;30;32;93;PM25;SEDANG
202404;4;4;DKI2;56;69;58;15;27;58;69;PM25;SEDANG
202404;4;5;DKI2;75;112;56;30;21;63;112;PM25;TIDAK SEHAT
202404;4;6;DKI2;59;83;55;18;18;38;83;PM25;SEDANG
202404;4;7;DKI2;52;71;55;13;24;19;71;PM25;SEDANG
202404;4;8;DKI2;55;82;56;14;29;21;82;PM25;SEDANG
202404;4;9;DKI2;43;67;55;11;22;18;67;PM25;SEDANG
202404;4;10;DKI2;65;95;56;23;26;27;95;PM25;SEDANG
202404;4;12;DKI3;34;55;54;6;14;18;55;PM25;SEDANG
202404;4;13;DKI3;34;57;55;18;10;52;57;PM25;SEDANG
202404;4;14;DKI3;32;55;54;7;14;19;55;PM25;SEDANG
202404;4;15;DKI3;28;52;54;11;11;34;54;SO2;SEDANG
202404;4;16;DKI3;36;58;54;9;10;41;58;PM25;SEDANG
202404;4;17;DKI3;48;72;54;11;14;24;72;PM25;SEDANG
202404;4;18;DKI3;39;59;54;12;15;34;59;PM25;SEDANG
202404;4;19;DKI3;35;58;54;11;15;33;58;PM25;SEDANG
202404;4;20;DKI3;54;79;54;20;12;60;79;PM25;SEDANG
202404;4;21;DKI3;50;68;54;13;11;43;68;PM25;SEDANG
202404;4;22;DKI3;54;74;55;18;11;64;74;PM25;SEDANG
202404;4;23;DKI3;57;81;54;14;11;39;81;PM25;SEDANG
202404;4;24;DKI3;43;63;54;14;15;37;63;PM25;SEDANG
202404;4;25;DKI3;46;63;54;13;16;23;63;PM25;SEDANG
202404;4;26;DKI3;40;60;54;9;14;28;60;PM25;SEDANG
202404;4;27;DKI3;48;63;54;14;9;63;63;PM25;SEDANG
202404;4;28;DKI3;50;68;54;16;11;68;68;PM25;SEDANG
202404;4;29;DKI3;55;13;54;11;14;27;55;PM10;SEDANG
202404;4;30;DKI3;57;16;54;9;14;24;57;PM10;SEDANG
202404;4;1;DKI4;83;113;27;27;13;8;113;PM25;TIDAK SEHAT
202404;4;11;DKI2;40;57;56;10;23;16;57;PM25;SEDANG
202404;4;12;DKI2;27;46;54;5;28;N/A;54;SO2;SEDANG
202404;4;13;DKI2;36;59;55;14;22;33;59;PM25;SEDANG
202404;4;14;DKI2;31;53;54;7;27;8;54;SO2;SEDANG
202404;4;15;DKI2;33;55;55;11;21;26;55;PM25;SEDANG
202404;4;16;DKI2;36;57;55;7;21;17;57;PM25;SEDANG
202404;4;17;DKI2;49;67;54;6;32;10;67;PM25;SEDANG
202404;4;18;DKI2;52;70;55;13;23;27;70;PM25;SEDANG
202404;4;19;DKI2;51;64;55;8;20;21;64;PM25;SEDANG
202404;4;20;DKI2;62;87;56;10;18;27;87;PM25;SEDANG
202404;4;21;DKI2;42;53;55;6;22;6;55;SO2;SEDANG
202404;4;22;DKI2;52;70;55;11;18;26;70;PM25;SEDANG
202404;4;23;DKI2;54;71;55;8;23;18;71;PM25;SEDANG
202404;4;24;DKI2;48;70;55;11;22;26;70;PM25;SEDANG
202404;4;25;DKI2;57;76;55;9;27;23;76;PM25;SEDANG
202404;4;26;DKI2;51;65;55;8;23;22;65;PM25;SEDANG
202404;4;27;DKI2;59;76;55;10;17;47;76;PM25;SEDANG
202404;4;28;DKI2;52;73;55;13;24;43;73;PM25;SEDANG
202404;4;29;DKI2;55;68;55;5;28;9;68;PM25;SEDANG
202404;4;30;DKI2;52;72;55;6;25;12;72;PM25;SEDANG
202404;4;1;DKI3;55;83;51;20;17;43;83;PM25;SEDANG
202404;4;2;DKI3;56;81;51;16;25;31;81;PM25;SEDANG
202404;4;3;DKI3;59;80;51;16;31;20;80;PM25;SEDANG
202404;4;4;DKI3;35;56;51;17;16;52;56;PM25;SEDANG
202404;4;5;DKI3;61;96;52;30;10;78;96;PM25;SEDANG
202404;4;6;DKI3;62;92;52;19;16;65;92;PM25;SEDANG
202404;4;7;DKI3;52;69;52;11;19;31;69;PM25;SEDANG
202404;4;8;DKI3;47;69;52;12;25;32;69;PM25;SEDANG
202404;4;9;DKI3;54;84;52;11;22;43;84;PM25;SEDANG
202404;4;10;DKI3;56;82;51;24;17;38;82;PM25;SEDANG
202404;4;11;DKI3;20;50;54;11;12;47;54;SO2;SEDANG
202401;1;9;DKI2;51;68;58;16;18;53;68;PM25;SEDANG
202401;1;10;DKI2;56;77;61;11;31;43;77;PM25;SEDANG
202401;1;11;DKI2;44;54;56;11;19;27;56;SO2;SEDANG
202401;1;12;DKI2;27;39;57;11;14;52;57;SO2;SEDANG
202401;1;13;DKI2;35;54;57;10;16;28;57;SO2;SEDANG
202401;1;14;DKI2;37;51;57;8;16;22;57;SO2;SEDANG
202401;1;15;DKI2;52;67;58;12;14;32;67;PM25;SEDANG
202401;1;1;DKI1;64;89;52;9;13;30;89;PM25;SEDANG
202401;1;2;DKI1;53;93;52;4;12;28;93;PM25;SEDANG
202401;1;3;DKI1;52;57;52;6;12;27;57;PM25;SEDANG
202401;1;4;DKI1;30;N/A;112;20;8;77;112;SO2;TIDAK SEHAT
202401;1;5;DKI1;22;54;46;15;24;44;54;PM25;SEDANG
202401;1;6;DKI1;49;68;46;12;38;36;68;PM25;SEDANG
202401;1;7;DKI1;52;77;45;14;34;44;77;PM25;SEDANG
202401;1;8;DKI1;49;52;46;10;27;32;52;PM25;SEDANG
202401;1;9;DKI1;50;62;48;13;25;31;62;PM25;SEDANG
202401;1;10;DKI1;49;66;49;10;34;41;66;PM25;SEDANG
202401;1;11;DKI1;51;58;47;10;24;36;58;PM25;SEDANG
202401;1;12;DKI1;30;26;45;8;18;21;45;SO2;BAIK
202401;1;13;DKI1;34;53;46;8;25;25;53;PM25;SEDANG
202401;1;14;DKI1;39;49;45;6;20;20;49;PM25;BAIK
202401;1;15;DKI1;55;72;47;10;21;30;72;PM25;SEDANG
202401;1;16;DKI1;41;47;48;10;25;24;48;SO2;BAIK
202401;1;17;DKI1;45;54;51;8;16;30;54;PM25;SEDANG
202401;1;18;DKI1;45;58;47;11;14;27;58;PM25;SEDANG
202401;1;19;DKI1;19;31;46;N/A;12;20;46;SO2;BAIK
202401;1;20;DKI1;26;28;44;N/A;17;17;44;SO2;BAIK
202401;1;21;DKI1;36;50;46;6;15;14;50;PM25;BAIK
202401;1;22;DKI1;24;26;44;3;17;11;44;SO2;BAIK
202401;1;23;DKI1;20;38;44;5;15;12;44;SO2;BAIK
202401;1;24;DKI1;31;37;45;8;14;14;45;SO2;BAIK
202401;1;25;DKI1;43;56;48;11;14;22;56;PM25;SEDANG
202401;1;26;DKI1;39;59;48;9;17;26;59;PM25;SEDANG
202401;1;27;DKI1;21;18;45;N/A;17;22;45;SO2;BAIK
202401;1;28;DKI1;35;53;45;13;17;30;53;PM25;SEDANG
202401;1;29;DKI1;30;N/A;44;8;17;28;44;SO2;BAIK
202401;1;30;DKI1;39;67;46;31;14;28;67;PM25;SEDANG
202401;1;31;DKI1;25;49;47;19;24;30;49;PM25;BAIK
202401;1;1;DKI2;67;103;34;18;26;N/A;103;PM25;TIDAK SEHAT
202401;1;2;DKI2;53;74;35;9;27;N/A;74;PM25;SEDANG
202401;1;3;DKI2;43;56;N/A;7;25;20;56;PM25;SEDANG
202401;1;4;DKI2;42;62;57;10;22;20;62;PM25;SEDANG
202401;1;5;DKI2;38;55;56;14;16;45;56;SO2;SEDANG
202401;1;6;DKI2;46;68;58;9;29;26;68;PM25;SEDANG
202401;1;7;DKI2;59;87;59;14;34;29;87;PM25;SEDANG
202401;1;8;DKI2;44;55;57;11;19;23;57;SO2;SEDANG
202401;1;16;DKI2;29;50;58;6;14;32;58;SO2;SEDANG
202401;1;17;DKI2;35;51;59;8;12;44;59;SO2;SEDANG
202401;1;18;DKI2;47;58;57;15;12;44;58;PM25;SEDANG
202401;1;19;DKI2;21;32;56;8;12;21;56;SO2;SEDANG
202401;1;20;DKI2;25;32;54;7;13;18;54;SO2;SEDANG
202401;1;21;DKI2;31;48;54;8;13;18;54;SO2;SEDANG
202401;1;22;DKI2;21;30;53;6;13;11;53;SO2;SEDANG
202401;1;23;DKI2;29;38;53;6;12;14;53;SO2;SEDANG
202401;1;24;DKI2;29;41;53;7;13;17;53;SO2;SEDANG
202401;1;25;DKI2;40;58;55;9;14;38;58;PM25;SEDANG
202401;1;26;DKI2;55;69;59;7;14;43;69;PM25;SEDANG
202401;1;27;DKI2;24;23;53;5;16;17;53;SO2;SEDANG
202401;1;28;DKI2;39;55;54;15;14;47;55;PM25;SEDANG
202401;1;29;DKI2;37;51;53;12;13;48;53;SO2;SEDANG
202401;1;30;DKI2;51;64;54;17;13;68;68;null;SEDANG
202401;1;31;DKI2;25;44;53;8;19;26;53;SO2;SEDANG
202401;1;1;DKI4;74;110;10;20;24;10;110;PM25;TIDAK SEHAT
202401;1;2;DKI4;56;80;12;11;27;13;80;PM25;SEDANG
202401;1;3;DKI4;54;66;13;7;18;14;66;PM25;SEDANG
202401;1;4;DKI4;53;72;13;10;20;15;72;PM25;SEDANG
202401;1;5;DKI4;61;62;10;14;17;19;62;PM25;SEDANG
202401;1;6;DKI4;51;70;11;10;31;16;70;PM25;SEDANG
202401;1;7;DKI4;62;84;10;15;23;19;84;PM25;SEDANG
202401;1;8;DKI4;55;76;10;22;21;20;76;PM25;SEDANG
202401;1;9;DKI4;61;84;12;14;17;14;84;PM25;SEDANG
202401;1;10;DKI4;70;102;12;11;26;13;102;PM25;TIDAK SEHAT
202401;1;11;DKI4;63;81;11;16;17;19;81;PM25;SEDANG
202401;1;12;DKI4;37;49;10;11;10;8;49;PM25;BAIK
202401;1;13;DKI4;45;62;10;10;15;13;62;PM25;SEDANG
202401;1;14;DKI4;50;64;11;9;16;10;64;PM25;SEDANG
202401;1;15;DKI4;58;78;10;12;15;15;78;PM25;SEDANG
202401;1;16;DKI4;49;62;11;6;11;9;62;PM25;SEDANG
202401;1;17;DKI4;42;56;10;7;8;9;56;PM25;SEDANG
202401;1;18;DKI4;53;67;13;13;6;12;67;PM25;SEDANG
202401;1;19;DKI4;30;36;24;7;6;8;36;PM25;BAIK
202401;1;20;DKI4;28;46;24;8;7;8;46;PM25;BAIK
202401;1;21;DKI4;50;64;24;8;7;6;64;PM25;SEDANG
202401;1;22;DKI4;31;50;24;4;7;3;50;PM25;BAIK
202401;1;23;DKI4;36;58;24;5;9;6;58;PM25;SEDANG
202401;1;24;DKI4;46;61;24;6;7;6;61;PM25;SEDANG
202401;1;25;DKI4;46;62;25;7;12;8;62;PM25;SEDANG
202401;1;26;DKI4;58;77;27;7;16;14;77;PM25;SEDANG
202401;1;27;DKI4;38;47;24;5;11;10;47;PM25;BAIK
202401;1;28;DKI4;43;59;24;16;10;14;59;PM25;SEDANG
202401;1;29;DKI4;51;63;24;14;11;13;63;PM25;SEDANG
202401;1;30;DKI4;71;82;24;23;13;12;82;PM25;SEDANG
202401;1;31;DKI4;40;57;25;7;17;15;57;PM25;SEDANG
202401;1;1;DKI5;58;99;40;18;55;12;99;PM25;SEDANG
202401;1;2;DKI5;40;68;40;9;65;11;68;PM25;SEDANG
202401;1;3;DKI5;32;54;39;7;63;10;63;O3;SEDANG
202401;1;4;DKI5;38;59;46;10;55;12;59;PM25;SEDANG
202401;1;5;DKI5;30;52;37;15;48;15;52;PM25;SEDANG
202401;1;6;DKI5;32;64;39;12;61;14;64;PM25;SEDANG
202401;1;7;DKI5;53;86;40;23;62;N/A;86;PM25;SEDANG
202401;1;8;DKI5;37;55;38;12;43;N/A;55;PM25;SEDANG
202401;1;9;DKI5;54;81;21;18;35;3;81;PM25;SEDANG
202401;1;10;DKI5;43;73;18;11;70;7;73;PM25;SEDANG
202401;1;11;DKI5;37;60;12;57;51;6;60;PM25;SEDANG
202401;1;12;DKI5;28;20;11;6;43;4;43;O3;BAIK
202401;1;13;DKI5;25;52;21;8;38;6;52;PM25;SEDANG
202401;1;14;DKI5;30;50;19;8;58;6;58;O3;SEDANG
202401;1;15;DKI5;51;81;24;11;55;11;81;PM25;SEDANG
202401;1;16;DKI5;23;49;24;5;43;6;49;PM25;BAIK
202401;1;17;DKI5;34;57;39;7;47;8;57;PM25;SEDANG
202401;1;18;DKI5;37;56;25;8;39;8;56;PM25;SEDANG
202401;1;19;DKI5;16;29;19;6;46;6;46;O3;BAIK
202401;1;20;DKI5;17;28;33;7;23;6;33;SO2;BAIK
202401;1;21;DKI5;26;51;37;10;18;5;51;PM25;SEDANG
202401;1;22;DKI5;14;23;31;9;19;2;31;SO2;BAIK
202401;1;23;DKI5;17;40;31;9;17;3;40;PM25;BAIK
202401;1;24;DKI5;23;44;32;10;17;3;44;PM25;BAIK
202401;1;25;DKI5;36;60;38;12;19;4;60;PM25;SEDANG
202401;1;26;DKI5;27;54;37;10;26;9;54;PM25;SEDANG
202401;1;27;DKI5;25;28;30;8;35;12;35;O3;BAIK
202401;1;28;DKI5;46;66;31;18;34;16;66;PM25;SEDANG
202401;1;29;DKI5;30;53;29;14;35;14;53;PM25;SEDANG
202401;1;30;DKI5;40;63;29;15;37;16;63;PM25;SEDANG
202401;1;31;DKI5;22;49;33;9;40;17;49;PM25;BAIK
202401;1;1;DKI3;65;89;14;54;13;N/A;89;PM25;SEDANG
202401;1;2;DKI3;52;73;14;38;17;N/A;73;PM25;SEDANG
202401;1;3;DKI3;47;57;14;31;9;N/A;57;PM25;SEDANG
202401;1;4;DKI3;54;73;14;34;13;N/A;73;PM25;SEDANG
202401;1;5;DKI3;39;58;15;46;14;N/A;58;PM25;SEDANG
202401;1;6;DKI3;45;67;15;34;22;3;67;PM25;SEDANG
202401;1;7;DKI3;54;70;15;70;14;24;70;PM25;SEDANG
202401;1;8;DKI3;51;72;15;68;20;15;72;PM25;SEDANG
202401;1;9;DKI3;55;67;15;46;13;22;67;PM25;SEDANG
202401;1;10;DKI3;47;67;34;11;20;42;67;PM25;SEDANG
202401;1;11;DKI3;58;80;35;15;17;43;80;PM25;SEDANG
202401;1;12;DKI3;37;48;43;8;3;56;56;null;SEDANG
202401;1;13;DKI3;50;66;44;7;11;55;66;PM25;SEDANG
202401;1;14;DKI3;42;52;43;10;10;57;57;null;SEDANG
202401;1;15;DKI3;57;78;43;17;5;54;78;PM25;SEDANG
202401;1;16;DKI3;47;60;44;7;6;57;60;PM25;SEDANG
202401;1;17;DKI3;50;65;46;8;5;N/A;65;PM25;SEDANG
202401;1;18;DKI3;56;76;49;13;6;23;76;PM25;SEDANG
202401;1;19;DKI3;32;34;45;6;9;76;76;null;SEDANG
202401;1;20;DKI3;32;45;44;7;8;66;66;null;SEDANG
202404;4;2;DKI4;81;112;27;26;10;11;112;PM25;TIDAK SEHAT
202404;4;3;DKI4;70;97;27;20;15;8;97;PM25;SEDANG
202404;4;4;DKI4;49;70;27;30;13;11;70;PM25;SEDANG
202404;4;5;DKI4;86;116;28;34;11;9;116;PM25;TIDAK SEHAT
202404;4;6;DKI4;61;92;28;28;14;12;92;PM25;SEDANG
202404;4;7;DKI4;60;83;28;19;19;7;83;PM25;SEDANG
202404;4;8;DKI4;55;76;28;20;19;9;76;PM25;SEDANG
202404;4;9;DKI4;53;77;28;20;19;11;77;PM25;SEDANG
202404;4;10;DKI4;73;96;28;33;14;10;96;PM25;SEDANG
202404;4;11;DKI4;45;62;28;17;15;8;62;PM25;SEDANG
202404;4;12;DKI4;31;51;28;13;12;5;51;PM25;SEDANG
202404;4;13;DKI4;44;61;28;23;9;7;61;PM25;SEDANG
202404;4;14;DKI4;37;60;28;15;13;6;60;PM25;SEDANG
202404;4;15;DKI4;31;54;28;18;10;6;54;PM25;SEDANG
202404;4;16;DKI4;43;64;28;16;11;6;64;PM25;SEDANG
202404;4;17;DKI4;51;76;28;17;19;8;76;PM25;SEDANG
202404;4;18;DKI4;52;67;28;21;14;10;67;PM25;SEDANG
202404;4;19;DKI4;44;64;28;21;12;9;64;PM25;SEDANG
202404;4;20;DKI4;69;95;29;22;9;7;95;PM25;SEDANG
202404;4;21;DKI4;58;76;28;18;10;6;76;PM25;SEDANG
202404;4;22;DKI4;64;83;29;26;9;7;83;PM25;SEDANG
202404;4;23;DKI4;63;84;29;23;11;6;84;PM25;SEDANG
202404;4;24;DKI4;53;74;28;21;14;8;74;PM25;SEDANG
202404;4;25;DKI4;58;79;28;13;12;8;79;PM25;SEDANG
202404;4;26;DKI4;56;71;29;12;13;6;71;PM25;SEDANG
202404;4;27;DKI4;62;80;29;18;10;3;80;PM25;SEDANG
202404;4;28;DKI4;60;80;29;24;14;3;80;PM25;SEDANG
202404;4;29;DKI4;60;81;29;13;18;5;81;PM25;SEDANG
202404;4;30;DKI4;70;91;29;16;18;6;91;PM25;SEDANG
202404;4;1;DKI5;64;104;22;30;76;28;104;PM25;TIDAK SEHAT
202404;4;2;DKI5;72;120;23;35;69;32;120;PM25;TIDAK SEHAT
202404;4;3;DKI5;58;95;24;24;74;27;95;PM25;SEDANG
202404;4;4;DKI5;51;77;24;28;62;24;77;PM25;SEDANG
202404;4;5;DKI5;74;125;22;31;69;27;125;PM25;TIDAK SEHAT
202404;4;6;DKI5;55;83;24;22;55;15;83;PM25;SEDANG
202404;4;7;DKI5;52;77;24;20;71;12;77;PM25;SEDANG
202404;4;8;DKI5;45;73;25;18;77;13;77;O3;SEDANG
202404;4;9;DKI5;41;68;27;15;60;10;68;PM25;SEDANG
202404;4;10;DKI5;57;85;24;25;62;17;85;PM25;SEDANG
202404;4;11;DKI5;35;58;24;17;62;15;62;O3;SEDANG
202404;4;12;DKI5;25;51;22;14;74;8;74;O3;SEDANG
202404;4;13;DKI5;35;61;24;23;62;16;62;O3;SEDANG
202404;4;14;DKI5;28;55;22;15;79;8;79;O3;SEDANG
202404;4;15;DKI5;30;54;23;20;62;14;62;O3;SEDANG
202404;4;16;DKI5;23;53;25;17;60;11;60;O3;SEDANG
202404;4;17;DKI5;41;71;23;18;77;14;77;O3;SEDANG
202404;4;18;DKI5;44;69;23;21;67;18;69;PM25;SEDANG
202404;4;19;DKI5;34;61;25;18;57;19;61;PM25;SEDANG
202404;4;20;DKI5;57;90;27;25;59;19;90;PM25;SEDANG
202404;4;21;DKI5;68;60;23;20;67;15;68;PM10;SEDANG
202404;4;22;DKI5;56;85;24;26;56;22;85;PM25;SEDANG
202403;3;30;DKI1;56;75;16;21;29;44;75;PM25;SEDANG
202403;3;31;DKI1;53;79;12;23;32;41;79;PM25;SEDANG
202403;3;1;DKI2;53;66;54;23;12;76;76;N/A;SEDANG
202403;3;2;DKI2;50;62;55;10;20;42;62;PM25;SEDANG
202403;3;3;DKI2;35;41;54;6;20;31;54;SO2;SEDANG
202403;3;4;DKI2;39;55;54;8;22;32;55;PM25;SEDANG
202403;3;5;DKI2;30;54;54;9;20;31;54;PM25;SEDANG
202403;3;6;DKI2;31;51;54;5;19;19;54;SO2;SEDANG
202403;3;7;DKI2;31;46;55;6;19;25;55;SO2;SEDANG
202403;3;8;DKI2;24;44;54;4;20;12;54;SO2;SEDANG
202403;3;9;DKI2;33;45;55;6;13;24;55;SO2;SEDANG
202403;3;10;DKI2;63;86;55;30;14;85;86;PM25;SEDANG
202403;3;11;DKI2;46;61;54;10;19;37;61;PM25;SEDANG
202403;3;12;DKI2;33;55;54;3;23;14;55;PM25;SEDANG
202403;3;13;DKI2;41;58;54;5;22;22;58;PM25;SEDANG
202403;3;14;DKI2;37;50;54;4;23;21;54;SO2;SEDANG
202403;3;15;DKI2;36;44;54;10;15;36;54;SO2;SEDANG
202403;3;16;DKI2;26;32;54;6;18;18;54;SO2;SEDANG
202403;3;1;DKI1;45;62;14;30;23;37;62;PM25;SEDANG
202403;3;2;DKI1;43;64;17;22;15;37;64;PM25;SEDANG
202403;3;3;DKI1;33;51;17;20;22;27;51;PM25;SEDANG
202403;3;4;DKI1;34;54;14;19;20;25;54;PM25;SEDANG
202403;3;5;DKI1;24;43;13;19;20;22;43;PM25;BAIK
202403;3;6;DKI1;25;38;15;17;17;21;38;PM25;BAIK
202403;3;7;DKI1;23;35;14;17;20;21;35;PM25;BAIK
202403;3;8;DKI1;19;34;13;15;22;15;34;PM25;BAIK
202403;3;9;DKI1;29;30;17;17;19;21;30;PM25;BAIK
202403;3;10;DKI1;53;72;17;27;20;35;72;PM25;SEDANG
202403;3;11;DKI1;35;47;12;17;14;21;47;PM25;BAIK
202403;3;12;DKI1;31;50;11;13;21;19;50;PM25;BAIK
202403;3;13;DKI1;42;60;14;15;19;25;60;PM25;SEDANG
202403;3;14;DKI1;36;52;12;17;17;29;52;PM25;SEDANG
202403;3;15;DKI1;32;44;15;16;22;22;44;PM25;BAIK
202403;3;16;DKI1;23;27;13;13;23;20;27;PM25;BAIK
202403;3;17;DKI1;24;37;14;12;21;16;37;PM25;BAIK
202403;3;18;DKI1;22;35;16;11;20;17;35;PM25;BAIK
202403;3;19;DKI1;29;47;14;13;18;18;47;PM25;BAIK
202403;3;20;DKI1;27;47;13;17;10;16;47;PM25;BAIK
202403;3;21;DKI1;28;51;18;16;11;18;51;PM25;SEDANG
202403;3;22;DKI1;24;28;10;17;17;26;28;PM25;BAIK
202403;3;23;DKI1;63;100;15;31;30;47;100;PM25;SEDANG
202403;3;24;DKI1;52;71;13;15;38;30;71;PM25;SEDANG
202403;3;25;DKI1;44;64;13;16;25;39;64;PM25;SEDANG
202403;3;26;DKI1;52;73;13;21;25;37;73;PM25;SEDANG
202403;3;27;DKI1;57;77;13;22;17;43;77;PM25;SEDANG
202403;3;28;DKI1;62;92;19;22;33;45;92;PM25;SEDANG
202403;3;29;DKI1;62;90;16;19;35;50;90;PM25;SEDANG
202403;3;30;DKI3;45;16;51;14;15;48;51;SO2;SEDANG
202403;3;31;DKI3;49;12;27;34;17;13;49;PM10;BAIK
202403;3;1;DKI4;55;69;25;28;8;6;69;PM25;SEDANG
202403;3;2;DKI4;59;72;26;21;8;7;72;PM25;SEDANG
202403;3;3;DKI4;46;58;26;21;6;7;58;PM25;SEDANG
202403;3;4;DKI4;49;61;26;25;8;5;61;PM25;SEDANG
202403;3;5;DKI4;39;56;26;22;6;4;56;PM25;SEDANG
202403;3;17;DKI2;27;34;55;6;15;17;55;SO2;SEDANG
202403;3;18;DKI2;26;33;55;5;16;17;55;SO2;SEDANG
202403;3;19;DKI2;32;46;55;5;17;21;55;SO2;SEDANG
202403;3;20;DKI2;26;52;54;6;15;19;54;SO2;SEDANG
202403;3;21;DKI2;31;55;55;5;17;19;55;PM25;SEDANG
202403;3;22;DKI2;26;34;54;4;19;26;54;SO2;SEDANG
202403;3;23;DKI2;70;111;55;22;28;82;111;PM25;TIDAK SEHAT
202403;3;24;DKI2;55;69;55;5;32;19;69;PM25;SEDANG
202403;3;25;DKI2;53;66;56;5;33;16;66;PM25;SEDANG
202403;3;26;DKI2;63;83;58;8;25;42;83;PM25;SEDANG
202403;3;27;DKI2;57;68;56;4;24;19;68;PM25;SEDANG
202403;3;28;DKI2;65;90;55;8;40;30;90;PM25;SEDANG
202403;3;29;DKI2;69;91;56;11;39;31;91;PM25;SEDANG
202403;3;30;DKI2;65;83;59;11;31;33;83;PM25;SEDANG
202403;3;31;DKI2;60;82;55;11;33;34;82;PM25;SEDANG
202403;3;1;DKI3;46;66;50;14;15;28;66;PM25;SEDANG
202403;3;2;DKI3;48;64;50;11;9;20;64;PM25;SEDANG
202403;3;3;DKI3;48;57;50;12;5;20;57;PM25;SEDANG
202403;3;4;DKI3;43;56;50;14;13;61;61;N/A;SEDANG
202403;3;5;DKI3;44;56;50;9;13;62;62;N/A;SEDANG
202403;3;6;DKI3;48;61;50;8;9;58;61;PM25;SEDANG
202403;3;7;DKI3;38;52;50;6;10;52;52;PM25;SEDANG
202403;3;8;DKI3;23;28;49;3;13;34;49;SO2;BAIK
202403;3;9;DKI3;29;25;50;4;12;40;50;SO2;BAIK
202403;3;10;DKI3;54;73;51;21;11;91;91;N/A;SEDANG
202403;3;11;DKI3;51;63;51;20;N/A;79;79;N/A;SEDANG
202403;3;12;DKI3;41;55;52;7;15;38;55;PM25;SEDANG
202403;3;13;DKI3;54;68;51;9;16;44;68;PM25;SEDANG
202403;3;14;DKI3;N/A;65;51;11;12;43;65;PM25;SEDANG
202403;3;15;DKI3;23;40;51;8;10;62;62;N/A;SEDANG
202403;3;16;DKI3;16;26;51;4;12;53;53;N/A;SEDANG
202403;3;17;DKI3;18;21;51;5;10;58;58;N/A;SEDANG
202403;3;18;DKI3;22;40;51;5;11;51;51;SO2;SEDANG
202403;3;19;DKI3;43;63;51;9;10;75;75;N/A;SEDANG
202403;3;20;DKI3;41;62;51;7;10;49;62;PM25;SEDANG
202403;3;21;DKI3;50;68;51;8;13;62;68;PM25;SEDANG
202403;3;22;DKI3;38;53;51;9;14;40;53;PM25;SEDANG
202403;3;23;DKI3;59;99;51;27;21;106;106;N/A;TIDAK SEHAT
202403;3;24;DKI3;54;73;51;10;25;31;73;PM25;SEDANG
202403;3;25;DKI3;44;61;51;8;23;29;61;PM25;SEDANG
202403;3;26;DKI3;44;68;51;13;19;54;68;PM25;SEDANG
202403;3;27;DKI3;57;84;52;15;18;37;84;PM25;SEDANG
202403;3;28;DKI3;63;90;51;23;18;72;90;PM25;SEDANG
202403;3;29;DKI3;56;16;51;13;20;29;56;PM10;SEDANG
202403;3;6;DKI4;37;55;26;18;5;3;55;PM25;SEDANG
202403;3;7;DKI4;31;47;26;18;6;2;47;PM25;BAIK
202403;3;8;DKI4;26;39;26;15;6;2;39;PM25;BAIK
202403;3;9;DKI4;30;30;26;16;6;3;30;PM10;BAIK
202403;3;10;DKI4;72;96;26;39;5;8;96;PM25;SEDANG
202403;3;11;DKI4;70;78;26;27;8;4;78;PM25;SEDANG
202403;3;12;DKI4;37;53;26;17;6;2;53;PM25;SEDANG
202403;3;13;DKI4;49;64;26;19;7;4;64;PM25;SEDANG
202403;3;14;DKI4;52;65;26;21;6;4;65;PM25;SEDANG
202403;3;15;DKI4;38;45;26;21;6;4;45;PM25;BAIK
202403;3;16;DKI4;24;31;26;17;5;3;31;PM25;BAIK
202403;3;17;DKI4;23;31;26;16;5;4;31;PM25;BAIK
202403;3;18;DKI4;30;51;26;17;4;3;51;PM25;SEDANG
202403;3;19;DKI4;53;67;27;20;4;3;67;PM25;SEDANG
202403;3;20;DKI4;43;59;27;19;3;4;59;PM25;SEDANG
202403;3;21;DKI4;48;67;27;21;4;4;67;PM25;SEDANG
202403;3;22;DKI4;N/A;N/A;N/A;N/A;N/A;N/A;N/A;N/A;TIDAK ADA DATA
202403;3;23;DKI4;70;122;27;40;8;11;122;PM25;TIDAK SEHAT
202403;3;24;DKI4;57;78;27;18;11;7;78;PM25;SEDANG
202403;3;25;DKI4;50;69;27;17;12;4;69;PM25;SEDANG
202403;3;26;DKI4;N/A;93;27;23;9;7;93;PM25;SEDANG
202403;3;27;DKI4;64;92;27;25;8;9;92;PM25;SEDANG
202403;3;28;DKI4;90;128;27;27;12;10;128;PM25;TIDAK SEHAT
202403;3;29;DKI4;74;96;27;23;10;11;96;PM25;SEDANG
202403;3;30;DKI4;62;86;27;23;13;9;86;PM25;SEDANG
202403;3;31;DKI4;61;82;27;27;13;9;82;PM25;SEDANG
202403;3;1;DKI5;52;82;21;29;50;13;82;PM25;SEDANG
202403;3;2;DKI5;41;69;23;21;54;21;69;PM25;SEDANG
202403;3;3;DKI5;35;54;22;19;51;14;54;PM25;SEDANG
202403;3;4;DKI5;33;60;22;18;42;10;60;PM25;SEDANG
202403;3;5;DKI5;18;38;21;14;46;6;46;O3;BAIK
202403;3;6;DKI5;18;34;23;13;49;6;49;O3;BAIK
202403;3;7;DKI5;22;28;22;13;48;6;48;O3;BAIK
202403;3;8;DKI5;17;28;22;12;46;4;46;O3;BAIK
202403;3;9;DKI5;27;41;25;14;45;10;45;O3;BAIK
202403;3;10;DKI5;56;92;25;36;48;18;92;PM25;SEDANG
202403;3;11;DKI5;42;60;20;24;57;9;60;PM25;SEDANG
202403;3;12;DKI5;30;56;21;15;51;10;56;PM25;SEDANG
202403;3;13;DKI5;40;64;22;17;53;13;64;PM25;SEDANG
202403;3;14;DKI5;35;61;21;18;57;16;61;PM25;SEDANG
202403;3;15;DKI5;32;45;23;16;43;9;45;PM25;BAIK
202403;3;16;DKI5;21;33;23;14;46;9;46;O3;BAIK
202403;3;17;DKI5;26;39;23;12;45;7;45;O3;BAIK
202403;3;18;DKI5;18;39;27;12;41;7;41;O3;BAIK
202403;3;19;DKI5;21;50;23;14;34;6;50;PM25;BAIK
202403;3;20;DKI5;23;54;22;15;22;5;54;PM25;SEDANG
202403;3;21;DKI5;40;65;27;16;31;7;65;PM25;SEDANG
202403;3;22;DKI5;31;43;21;17;55;14;55;O3;SEDANG
202403;3;23;DKI5;59;108;23;39;59;19;108;PM25;TIDAK SEHAT
202403;3;24;DKI5;54;83;25;19;74;16;83;PM25;SEDANG
202403;3;25;DKI5;42;64;30;18;65;15;65;O3;SEDANG
202403;3;26;DKI5;51;81;25;23;58;22;81;PM25;SEDANG
202403;3;27;DKI5;56;86;24;23;59;25;86;PM25;SEDANG
202403;3;28;DKI5;63;109;27;26;61;22;109;PM25;TIDAK SEHAT
202403;3;29;DKI5;65;104;27;24;70;26;104;PM25;TIDAK SEHAT
202403;3;30;DKI5;60;87;24;25;68;21;87;PM25;SEDANG
202403;3;31;DKI5;57;94;22;28;79;22;94;PM25;SEDANG
202404;4;23;DKI5;52;78;23;22;61;20;78;PM25;SEDANG
202404;4;24;DKI5;52;78;25;21;70;20;78;PM25;SEDANG
202404;4;25;DKI5;49;75;23;22;83;22;83;O3;SEDANG
202404;4;26;DKI5;47;70;30;14;45;13;70;PM25;SEDANG
202404;4;27;DKI5;51;75;23;26;59;17;75;PM25;SEDANG
202404;4;28;DKI5;49;72;23;20;68;15;72;PM25;SEDANG
202404;4;29;DKI5;44;66;24;17;72;12;72;O3;SEDANG
202404;4;30;DKI5;47;75;24;18;73;17;75;PM25;SEDANG
202405;5;1;DKI1;47;63;15;19;26;34;63;PM25;SEDANG
202405;5;2;DKI1;54;75;14;18;27;30;75;PM25;SEDANG
202405;5;3;DKI1;58;85;13;24;30;43;85;PM25;SEDANG
202405;5;4;DKI1;62;87;14;24;25;50;87;PM25;SEDANG
202405;5;5;DKI1;60;88;14;27;22;47;88;PM25;SEDANG
202405;5;6;DKI1;59;82;15;18;26;38;82;PM25;SEDANG
202405;5;7;DKI1;64;92;16;20;23;42;92;PM25;SEDANG
202405;5;8;DKI1;63;87;19;18;20;47;87;PM25;SEDANG
202405;5;9;DKI1;62;93;16;18;22;44;93;PM25;SEDANG
202405;5;10;DKI1;56;84;19;12;30;27;84;PM25;SEDANG
202405;5;11;DKI1;52;74;18;11;28;27;74;PM25;SEDANG
202405;5;12;DKI1;53;75;18;10;28;27;75;PM25;SEDANG
202405;5;13;DKI1;52;64;16;8;25;25;64;PM25;SEDANG
202405;5;14;DKI1;61;85;18;10;28;39;85;PM25;SEDANG
202405;5;15;DKI1;62;78;14;20;26;40;78;PM25;SEDANG
202405;5;16;DKI1;65;98;19;17;28;40;98;PM25;SEDANG
202405;5;17;DKI1;64;86;17;17;21;39;86;PM25;SEDANG
202405;5;18;DKI1;67;97;18;20;18;48;97;PM25;SEDANG
202405;5;19;DKI1;63;92;15;17;25;36;92;PM25;SEDANG
202405;5;20;DKI1;65;91;17;15;26;32;91;PM25;SEDANG
202405;5;21;DKI1;62;97;25;14;23;45;97;PM25;SEDANG
202405;5;22;DKI1;65;92;20;12;24;37;92;PM25;SEDANG
202405;5;23;DKI1;59;78;20;11;22;32;78;PM25;SEDANG
202405;5;24;DKI1;60;74;16;13;19;30;74;PM25;SEDANG
202405;5;25;DKI1;39;53;12;15;16;30;53;PM25;SEDANG
202405;5;26;DKI1;61;82;26;21;19;38;82;PM25;SEDANG
202405;5;27;DKI1;64;92;22;15;25;39;92;PM25;SEDANG
202405;5;28;DKI1;67;100;18;14;29;42;100;PM25;SEDANG
202405;5;29;DKI1;64;86;19;10;32;36;86;PM25;SEDANG
202405;5;30;DKI1;59;85;19;8;29;38;85;PM25;SEDANG
202405;5;31;DKI1;70;101;17;10;27;44;101;PM25;TIDAK SEHAT
202405;5;1;DKI2;51;66;55;6;24;13;66;PM25;SEDANG
202405;5;2;DKI2;60;79;55;7;24;11;79;PM25;SEDANG
202405;5;3;DKI2;59;83;55;8;32;14;83;PM25;SEDANG
202405;5;4;DKI2;65;89;55;12;22;24;89;PM25;SEDANG
202405;5;5;DKI2;64;94;56;18;20;43;94;PM25;SEDANG
202405;5;6;DKI2;69;90;55;10;25;19;90;PM25;SEDANG
202405;5;7;DKI2;72;97;55;12;21;27;97;PM25;SEDANG
202402;2;22;DKI2;58;70;56;9;19;32;70;PM25;SEDANG
202402;2;23;DKI2;49;62;56;9;16;39;62;PM25;SEDANG
202402;2;24;DKI2;47;57;55;7;12;40;57;PM25;SEDANG
202402;2;25;DKI2;28;39;56;4;16;15;56;SO2;SEDANG
202402;2;26;DKI2;23;30;54;5;18;22;54;SO2;SEDANG
202402;2;27;DKI2;59;71;55;14;11;68;71;PM25;SEDANG
202402;2;28;DKI2;51;62;57;9;11;54;62;PM25;SEDANG
202402;2;29;DKI2;32;35;54;9;13;36;54;SO2;SEDANG
202402;2;1;DKI3;52;71;48;16;16;21;71;PM25;SEDANG
202402;2;2;DKI3;39;53;47;12;10;33;53;PM25;SEDANG
202402;2;3;DKI3;33;45;48;9;9;33;48;SO2;BAIK
202402;2;4;DKI3;31;49;48;5;7;17;49;PM25;BAIK
202402;2;5;DKI3;52;74;49;14;12;40;74;PM25;SEDANG
202402;2;6;DKI3;61;74;50;16;9;37;74;PM25;SEDANG
202402;2;7;DKI3;35;52;48;9;9;28;52;PM25;SEDANG
202402;2;8;DKI3;56;75;50;22;8;80;80;N/A;SEDANG
202402;2;9;DKI3;49;67;54;9;16;17;67;PM25;SEDANG
202402;2;10;DKI3;52;63;51;7;21;8;63;PM25;SEDANG
202402;2;11;DKI3;50;68;50;19;14;52;68;PM25;SEDANG
202402;2;12;DKI3;50;64;50;12;15;19;64;PM25;SEDANG
202402;2;13;DKI3;57;72;52;14;18;187;187;N/A;TIDAK SEHAT
202402;2;14;DKI3;43;55;51;10;20;202;202;N/A;SANGAT TIDAK SEHAT
202402;2;15;DKI3;41;63;51;13;16;N/A;63;PM25;SEDANG
202402;2;16;DKI3;64;87;53;19;12;22;87;PM25;SEDANG
202402;2;17;DKI3;53;70;52;16;10;12;70;PM25;SEDANG
202402;2;18;DKI3;47;63;50;14;15;8;63;PM25;SEDANG
202402;2;19;DKI3;50;67;49;17;19;12;67;PM25;SEDANG
202402;2;20;DKI3;65;93;50;15;21;13;93;PM25;SEDANG
202402;2;21;DKI3;58;79;49;14;20;17;79;PM25;SEDANG
202402;2;22;DKI3;59;71;48;12;8;17;71;PM25;SEDANG
202402;2;23;DKI3;44;59;49;7;15;14;59;PM25;SEDANG
202402;2;24;DKI3;44;62;49;6;13;29;62;PM25;SEDANG
202402;2;25;DKI3;37;50;50;7;9;16;50;PM25;BAIK
202402;2;26;DKI3;41;56;49;10;12;29;56;PM25;SEDANG
202402;2;27;DKI3;64;88;50;20;14;19;88;PM25;SEDANG
202402;2;28;DKI3;47;62;50;10;11;21;62;PM25;SEDANG
202402;2;29;DKI3;54;13;50;12;12;41;54;PM10;SEDANG
202402;2;1;DKI4;68;90;25;15;18;14;90;PM25;SEDANG
202402;2;2;DKI4;50;59;24;10;12;9;59;PM25;SEDANG
202402;2;3;DKI4;N/A;56;25;7;11;10;56;PM25;SEDANG
202402;2;1;DKI1;52;72;49;17;18;37;72;PM25;SEDANG
202402;2;2;DKI1;50;62;49;12;19;26;62;PM25;SEDANG
202402;2;3;DKI1;33;51;48;10;20;22;51;PM25;SEDANG
202402;2;4;DKI1;24;38;46;9;16;14;46;SO2;BAIK
202402;2;5;DKI1;38;67;47;13;18;28;67;PM25;SEDANG
202402;2;6;DKI1;47;61;47;9;18;32;61;PM25;SEDANG
202402;2;7;DKI1;32;49;49;8;15;22;49;PM25;BAIK
202402;2;8;DKI1;42;60;47;6;15;20;60;PM25;SEDANG
202402;2;9;DKI1;51;72;51;6;21;31;72;PM25;SEDANG
202402;2;10;DKI1;46;57;51;7;28;20;57;PM25;SEDANG
202402;2;11;DKI1;39;57;50;9;23;23;57;PM25;SEDANG
202402;2;12;DKI1;33;54;50;7;25;23;54;PM25;SEDANG
202402;2;13;DKI1;39;52;51;7;26;28;52;PM25;SEDANG
202402;2;14;DKI1;25;38;52;8;26;24;52;SO2;SEDANG
202402;2;15;DKI1;35;55;N/A;18;22;29;55;PM25;SEDANG
202402;2;16;DKI1;57;73;20;28;20;40;73;PM25;SEDANG
202402;2;17;DKI1;36;50;16;21;23;23;50;PM25;BAIK
202402;2;18;DKI1;38;55;15;20;24;26;55;PM25;SEDANG
202402;2;19;DKI1;46;66;16;24;14;39;66;PM25;SEDANG
202402;2;20;DKI1;42;61;16;21;21;31;61;PM25;SEDANG
202402;2;21;DKI1;52;73;20;32;24;37;73;PM25;SEDANG
202402;2;22;DKI1;56;73;19;22;23;35;73;PM25;SEDANG
202402;2;23;DKI1;38;56;16;20;23;29;56;PM25;SEDANG
202402;2;24;DKI1;38;57;20;20;12;19;57;PM25;SEDANG
202402;2;25;DKI1;26;37;20;16;22;19;37;PM25;BAIK
202402;2;26;DKI1;25;42;13;17;18;24;42;PM25;BAIK
202402;2;27;DKI1;44;63;14;25;16;32;63;PM25;SEDANG
202402;2;28;DKI1;43;59;14;21;13;31;59;PM25;SEDANG
202402;2;29;DKI1;33;44;13;22;14;29;44;PM25;BAIK
202402;2;1;DKI2;55;N/A;54;15;25;49;55;PM10;SEDANG
202402;2;2;DKI2;48;62;55;15;16;57;62;PM25;SEDANG
202402;2;3;DKI2;36;53;55;9;13;43;55;SO2;SEDANG
202402;2;4;DKI2;27;43;54;7;12;21;54;SO2;SEDANG
202402;2;5;DKI2;53;71;56;13;17;40;71;PM25;SEDANG
202402;2;6;DKI2;44;55;54;10;13;37;55;PM25;SEDANG
202402;2;7;DKI2;37;53;56;11;10;48;56;SO2;SEDANG
202402;2;8;DKI2;59;73;56;13;14;56;73;PM25;SEDANG
202402;2;9;DKI2;58;79;58;9;24;28;79;PM25;SEDANG
202402;2;10;DKI2;47;57;55;5;21;20;57;PM25;SEDANG
202402;2;11;DKI2;33;53;54;7;17;20;54;SO2;SEDANG
202402;2;12;DKI2;34;52;55;7;18;22;55;SO2;SEDANG
202402;2;13;DKI2;42;54;54;6;18;29;54;PM25;SEDANG
202402;2;14;DKI2;24;40;54;6;20;31;54;SO2;SEDANG
202402;2;15;DKI2;43;60;55;10;14;46;60;PM25;SEDANG
202402;2;16;DKI2;67;83;56;21;12;80;83;PM25;SEDANG
202402;2;17;DKI2;29;32;54;5;16;28;54;SO2;SEDANG
202402;2;18;DKI2;44;64;54;8;17;35;64;PM25;SEDANG
202402;2;19;DKI2;N/A;N/A;N/A;N/A;N/A;N/A;N/A;N/A;TIDAK ADA DATA
202402;2;20;DKI2;52;70;55;9;16;37;70;PM25;SEDANG
202402;2;21;DKI2;55;81;56;13;24;36;81;PM25;SEDANG
202402;2;4;DKI4;32;45;25;4;7;4;45;PM25;BAIK
202402;2;5;DKI4;54;77;25;10;6;5;77;PM25;SEDANG
202402;2;6;DKI4;64;74;25;15;6;7;74;PM25;SEDANG
202402;2;7;DKI4;40;58;25;6;4;6;58;PM25;SEDANG
202402;2;8;DKI4;64;90;25;10;4;4;90;PM25;SEDANG
202402;2;9;DKI4;67;86;26;N/A;7;5;86;PM25;SEDANG
202402;2;10;DKI4;57;74;25;N/A;8;5;74;PM25;SEDANG
202402;2;11;DKI4;63;85;25;9;6;6;85;PM25;SEDANG
202402;2;12;DKI4;61;80;25;4;5;6;80;PM25;SEDANG
202402;2;13;DKI4;53;67;25;7;8;6;67;PM25;SEDANG
202402;2;14;DKI4;49;62;25;16;8;6;62;PM25;SEDANG
202402;2;15;DKI4;53;76;25;24;7;8;76;PM25;SEDANG
202402;2;16;DKI4;81;103;25;24;6;11;103;PM25;TIDAK SEHAT
202402;2;17;DKI4;59;74;25;22;6;8;74;PM25;SEDANG
202402;2;18;DKI4;57;71;25;21;7;6;71;PM25;SEDANG
202402;2;19;DKI4;68;91;26;23;6;9;91;PM25;SEDANG
202402;2;20;DKI4;71;94;25;22;7;9;94;PM25;SEDANG
202402;2;21;DKI4;70;102;25;24;9;8;102;PM25;TIDAK SEHAT
202402;2;22;DKI4;70;86;25;21;8;9;86;PM25;SEDANG
202402;2;23;DKI4;46;61;25;20;7;6;61;PM25;SEDANG
202402;2;24;DKI4;54;67;25;18;6;2;67;PM25;SEDANG
202402;2;25;DKI4;37;52;25;15;8;3;52;PM25;SEDANG
202402;2;26;DKI4;36;52;25;18;7;4;52;PM25;SEDANG
202402;2;27;DKI4;70;96;26;28;5;7;96;PM25;SEDANG
202402;2;28;DKI4;N/A;N/A;N/A;N/A;N/A;N/A;N/A;N/A;TIDAK ADA DATA
202402;2;29;DKI4;57;59;25;22;6;6;59;PM25;SEDANG
202402;2;1;DKI5;51;82;34;17;33;22;82;PM25;SEDANG
202402;2;2;DKI5;47;68;26;18;28;9;68;PM25;SEDANG
202402;2;3;DKI5;24;48;25;12;29;10;48;PM25;BAIK
202402;2;4;DKI5;17;24;23;7;27;4;27;O3;BAIK
202402;2;5;DKI5;35;68;24;15;32;12;68;PM25;SEDANG
202402;2;6;DKI5;59;74;25;16;38;14;74;PM25;SEDANG
202402;2;7;DKI5;31;52;27;11;25;8;52;PM25;SEDANG
202402;2;8;DKI5;40;66;25;11;28;8;66;PM25;SEDANG
202402;2;9;DKI5;45;77;37;12;41;18;77;PM25;SEDANG
202402;2;10;DKI5;33;60;28;6;46;11;60;PM25;SEDANG
202402;2;11;DKI5;46;69;26;14;31;13;69;PM25;SEDANG
202402;2;12;DKI5;30;54;24;11;37;12;54;PM25;SEDANG
202402;2;13;DKI5;31;54;22;9;39;12;54;PM25;SEDANG
202402;2;14;DKI5;N/A;37;21;9;45;11;45;O3;BAIK
202402;2;15;DKI5;32;58;24;11;38;15;58;PM25;SEDANG
202402;2;16;DKI5;53;78;23;18;39;26;78;PM25;SEDANG
202402;2;17;DKI5;43;67;22;12;32;18;67;PM25;SEDANG
202402;2;18;DKI5;31;57;23;11;35;16;57;PM25;SEDANG
202402;2;19;DKI5;49;81;22;19;31;23;81;PM25;SEDANG
202402;2;20;DKI5;40;69;22;10;36;13;69;PM25;SEDANG
202402;2;21;DKI5;55;94;20;12;115;18;115;O3;TIDAK SEHAT
202402;2;22;DKI5;53;76;21;8;72;14;76;PM25;SEDANG
202402;2;23;DKI5;29;58;19;7;59;10;59;O3;SEDANG
202402;2;24;DKI5;28;53;24;9;59;8;59;O3;SEDANG
202402;2;25;DKI5;25;50;30;14;35;9;50;PM25;BAIK
202402;2;26;DKI5;24;41;23;17;45;14;45;O3;BAIK
202402;2;27;DKI5;54;78;21;27;46;13;78;PM25;SEDANG
202402;2;28;DKI5;33;60;22;20;48;18;60;PM25;SEDANG
202402;2;29;DKI5;36;57;21;21;54;16;57;PM25;SEDANG
202409;9;1;DKI1;54;72;12;22;27;32;72;PM25;SEDANG
202409;9;2;DKI1;52;70;10;22;35;36;70;PM25;SEDANG
202409;9;3;DKI1;55;79;10;28;23;44;79;PM25;SEDANG
202409;9;4;DKI1;58;83;11;24;35;35;83;PM25;SEDANG
202409;9;5;DKI1;52;71;12;24;18;33;71;PM25;SEDANG
202409;9;6;DKI1;56;86;14;26;20;40;86;PM25;SEDANG
202409;9;7;DKI1;54;79;12;22;25;26;79;PM25;SEDANG
202409;9;8;DKI1;54;84;13;22;21;26;84;PM25;SEDANG
202409;9;9;DKI1;48;65;12;22;21;26;65;PM25;SEDANG
202409;9;10;DKI1;51;70;10;33;19;43;70;PM25;SEDANG
202409;9;11;DKI1;39;58;12;23;26;33;58;PM25;SEDANG
202409;9;12;DKI1;64;89;15;27;41;39;89;PM25;SEDANG
202409;9;13;DKI1;53;74;10;29;36;44;74;PM25;SEDANG
202409;9;14;DKI1;57;85;11;25;42;41;85;PM25;SEDANG
202409;9;15;DKI1;60;86;12;27;38;35;86;PM25;SEDANG
202409;9;16;DKI1;60;86;12;24;38;33;86;PM25;SEDANG
202409;9;17;DKI1;55;79;14;24;40;37;79;PM25;SEDANG
202409;9;18;DKI1;52;76;16;24;36;34;76;PM25;SEDANG
202409;9;19;DKI1;61;83;15;27;37;46;83;PM25;SEDANG
202409;9;20;DKI1;59;88;15;24;34;45;88;PM25;SEDANG
202409;9;21;DKI1;61;94;14;25;36;39;94;PM25;SEDANG
202409;9;22;DKI1;66;101;15;23;35;33;101;PM25;TIDAK SEHAT
202409;9;23;DKI1;59;87;15;24;25;37;87;PM25;SEDANG
202409;9;24;DKI1;56;74;15;24;33;31;74;PM25;SEDANG
202409;9;25;DKI1;62;89;10;33;25;51;89;PM25;SEDANG
202409;9;26;DKI1;57;71;10;29;22;48;71;PM25;SEDANG
202409;9;27;DKI1;51;70;10;27;25;41;70;PM25;SEDANG
202409;9;28;DKI1;56;85;13;28;24;37;85;PM25;SEDANG
202409;9;29;DKI1;60;89;12;32;20;39;89;PM25;SEDANG
202409;9;30;DKI1;51;70;13;25;15;40;70;PM25;SEDANG
202409;9;1;DKI2;57;74;58;7;32;11;74;PM25;SEDANG
202409;9;2;DKI2;N/A;73;58;7;35;6;73;PM25;SEDANG
202409;9;3;DKI2;55;100;58;12;31;36;100;PM25;SEDANG
202409;9;4;DKI2;56;89;58;9;34;17;89;PM25;SEDANG
202409;9;5;DKI2;52;74;58;8;28;14;74;PM25;SEDANG
202409;9;6;DKI2;61;82;59;10;25;26;82;PM25;SEDANG
202409;9;7;DKI2;60;81;58;8;28;11;81;PM25;SEDANG
202409;9;8;DKI2;57;76;58;9;26;13;76;PM25;SEDANG
202409;9;9;DKI2;55;72;59;8;24;14;72;PM25;SEDANG
202409;9;10;DKI2;61;79;60;15;15;44;79;PM25;SEDANG
202409;9;11;DKI2;47;63;59;9;18;25;63;PM25;SEDANG
202409;9;12;DKI2;58;83;59;10;33;21;83;PM25;SEDANG
202409;9;13;DKI2;56;75;58;12;30;30;75;PM25;SEDANG
202409;9;14;DKI2;63;85;59;13;30;36;85;PM25;SEDANG
202409;9;15;DKI2;63;82;58;11;28;21;82;PM25;SEDANG
202409;9;16;DKI2;62;83;58;11;31;20;83;PM25;SEDANG
202409;9;17;DKI3;53;77;62;8;35;40;77;PM25;SEDANG
202409;9;18;DKI3;42;66;61;7;34;36;66;PM25;SEDANG
202409;9;19;DKI3;52;75;61;7;38;38;75;PM25;SEDANG
202409;9;20;DKI3;56;84;62;9;36;53;84;PM25;SEDANG
202409;9;21;DKI3;59;86;61;10;40;52;86;PM25;SEDANG
202409;9;22;DKI3;62;98;61;10;32;51;98;PM25;SEDANG
202409;9;23;DKI3;54;84;61;11;25;51;84;PM25;SEDANG
202409;9;24;DKI3;53;74;61;11;20;50;74;PM25;SEDANG
202409;9;25;DKI3;56;81;61;13;26;57;81;PM25;SEDANG
202409;9;26;DKI3;40;61;61;15;21;68;68;N/A;SEDANG
202409;9;27;DKI3;48;66;61;13;21;65;66;PM25;SEDANG
202409;9;28;DKI3;52;81;62;12;21;54;81;PM25;SEDANG
202409;9;29;DKI3;51;12;61;10;22;50;61;SO2;SEDANG
202409;9;30;DKI3;44;13;61;9;22;43;61;SO2;SEDANG
202409;9;1;DKI4;65;81;53;21;44;18;81;PM25;SEDANG
202409;9;2;DKI4;N/A;N/A;N/A;N/A;N/A;N/A;N/A;N/A;TIDAK ADA DATA
202409;9;3;DKI4;66;74;53;21;39;23;74;PM25;SEDANG
202409;9;4;DKI4;65;79;53;19;43;16;79;PM25;SEDANG
202409;9;5;DKI4;118;69;53;16;31;13;118;PM10;TIDAK SEHAT
202409;9;6;DKI4;82;76;53;21;34;19;82;PM10;SEDANG
202409;9;7;DKI4;162;97;53;17;39;15;162;PM10;TIDAK SEHAT
202409;9;8;DKI4;70;83;53;17;31;12;83;PM25;SEDANG
202409;9;9;DKI4;57;63;53;17;34;12;63;PM25;SEDANG
202409;9;10;DKI4;57;58;53;39;23;23;58;PM25;SEDANG
202409;9;11;DKI4;50;46;53;19;24;17;53;SO2;SEDANG
202409;9;12;DKI4;57;65;53;23;38;17;65;PM25;SEDANG
202409;9;13;DKI4;54;54;53;22;34;21;54;PM10;SEDANG
202409;9;14;DKI4;59;60;53;21;34;23;60;PM25;SEDANG
202409;9;15;DKI4;65;69;53;21;42;16;69;PM25;SEDANG
202409;9;16;DKI4;62;69;53;22;37;18;69;PM25;SEDANG
202409;9;17;DKI4;63;67;53;21;47;N/A;67;PM25;SEDANG
202409;9;18;DKI4;57;60;54;18;42;25;60;PM25;SEDANG
202409;9;19;DKI4;60;64;54;20;52;29;64;PM25;SEDANG
202409;9;20;DKI4;64;69;54;20;49;25;69;PM25;SEDANG
202409;9;21;DKI4;61;69;54;20;54;26;69;PM25;SEDANG
202409;9;22;DKI4;76;75;55;22;45;23;76;PM10;SEDANG
202409;9;23;DKI4;68;63;54;20;35;20;68;PM10;SEDANG
202409;9;24;DKI4;60;54;54;19;31;18;60;PM10;SEDANG
202409;9;25;DKI4;68;63;54;31;34;28;68;PM10;SEDANG
202409;9;26;DKI4;52;53;54;27;30;27;54;SO2;SEDANG
202409;9;27;DKI4;56;51;53;23;33;24;56;PM10;SEDANG
202409;9;28;DKI4;62;62;54;22;34;20;62;PM10;SEDANG
202409;9;29;DKI4;90;104;54;27;31;24;104;PM25;TIDAK SEHAT
202409;9;30;DKI4;51;58;54;20;30;21;58;PM25;SEDANG
202409;9;1;DKI5;49;93;34;20;46;12;93;PM25;SEDANG
202409;9;2;DKI5;37;85;34;17;67;12;85;PM25;SEDANG
202409;9;3;DKI5;45;89;32;20;43;17;89;PM25;SEDANG
202409;9;4;DKI5;40;84;34;18;41;13;84;PM25;SEDANG
202409;9;5;DKI5;37;81;35;18;43;12;81;PM25;SEDANG
202409;9;6;DKI5;26;86;36;20;40;17;86;PM25;SEDANG
202405;5;8;DKI2;65;89;55;8;24;18;89;PM25;SEDANG
202405;5;9;DKI2;72;103;55;11;24;19;103;PM25;TIDAK SEHAT
202405;5;10;DKI2;68;103;55;8;23;13;103;PM25;TIDAK SEHAT
202405;5;11;DKI2;64;92;54;7;24;16;92;PM25;SEDANG
202405;5;12;DKI2;65;89;54;8;21;16;89;PM25;SEDANG
202405;5;13;DKI2;60;81;54;8;21;20;81;PM25;SEDANG
202405;5;14;DKI2;68;99;55;9;27;15;99;PM25;SEDANG
202405;5;15;DKI2;64;78;55;9;19;17;78;PM25;SEDANG
202405;5;16;DKI2;77;115;56;8;20;12;115;PM25;TIDAK SEHAT
202405;5;17;DKI2;72;102;56;12;20;20;102;PM25;TIDAK SEHAT
202405;5;18;DKI2;75;110;56;17;21;29;110;PM25;TIDAK SEHAT
202405;5;19;DKI2;67;95;56;14;22;19;95;PM25;SEDANG
202405;5;20;DKI2;71;99;56;12;24;12;99;PM25;SEDANG
202405;5;21;DKI2;77;106;57;12;25;16;106;PM25;TIDAK SEHAT
202405;5;22;DKI2;80;106;56;11;24;12;106;PM25;TIDAK SEHAT
202405;5;23;DKI2;71;91;56;10;19;19;91;PM25;SEDANG
202405;5;24;DKI2;60;81;56;11;16;20;81;PM25;SEDANG
202405;5;25;DKI2;35;55;55;10;14;15;55;PM25;SEDANG
202405;5;26;DKI2;59;78;56;17;16;34;78;PM25;SEDANG
202405;5;27;DKI2;70;97;56;12;24;15;97;PM25;SEDANG
202405;5;28;DKI2;79;106;56;12;22;18;106;PM25;TIDAK SEHAT
202405;5;29;DKI2;67;91;56;9;21;16;91;PM25;SEDANG
202405;5;30;DKI2;66;98;57;10;20;15;98;PM25;SEDANG
202405;5;31;DKI2;74;107;56;11;24;13;107;PM25;TIDAK SEHAT
202405;5;1;DKI3;45;62;54;8;13;20;62;PM25;SEDANG
202405;5;2;DKI3;58;77;54;11;15;24;77;PM25;SEDANG
202405;5;3;DKI3;61;76;54;11;17;25;76;PM25;SEDANG
202405;5;4;DKI3;52;73;55;12;19;29;73;PM25;SEDANG
202405;5;5;DKI3;N/A;73;55;19;17;67;73;PM25;SEDANG
202405;5;6;DKI3;N/A;72;55;13;16;50;72;PM25;SEDANG
202405;5;7;DKI3;64;84;55;12;17;34;84;PM25;SEDANG
202405;5;8;DKI3;71;94;55;13;19;32;94;PM25;SEDANG
202405;5;9;DKI3;67;90;56;13;15;39;90;PM25;SEDANG
202405;5;10;DKI3;63;80;55;9;15;31;80;PM25;SEDANG
202405;5;11;DKI3;63;75;55;8;13;27;75;PM25;SEDANG
202405;5;12;DKI3;64;74;55;14;11;38;74;PM25;SEDANG
202405;5;13;DKI3;52;67;55;8;14;22;67;PM25;SEDANG
202405;5;14;DKI3;63;73;55;13;11;28;73;PM25;SEDANG
202405;5;15;DKI3;67;74;55;17;10;45;74;PM25;SEDANG
202405;5;16;DKI3;69;85;55;10;15;20;85;PM25;SEDANG
202405;5;17;DKI3;56;71;55;10;18;29;71;PM25;SEDANG
202405;5;18;DKI3;60;72;55;11;16;38;72;PM25;SEDANG
202405;5;19;DKI3;57;72;56;11;18;36;72;PM25;SEDANG
202405;5;20;DKI3;69;84;56;15;15;41;84;PM25;SEDANG
202405;5;21;DKI3;67;80;56;14;16;42;80;PM25;SEDANG
202405;5;22;DKI3;68;81;56;10;16;37;81;PM25;SEDANG
202405;5;23;DKI3;64;72;56;10;13;39;72;PM25;SEDANG
202405;5;24;DKI3;65;70;56;13;12;44;70;PM25;SEDANG
202405;5;25;DKI3;27;34;55;7;12;38;55;SO2;SEDANG
202405;5;26;DKI3;61;70;56;15;12;65;70;PM25;SEDANG
202405;5;27;DKI3;59;73;56;13;16;39;73;PM25;SEDANG
202405;5;28;DKI3;70;82;55;20;14;36;82;PM25;SEDANG
202405;5;29;DKI3;61;19;55;11;12;37;61;PM10;SEDANG
202405;5;30;DKI3;61;19;55;12;14;38;61;PM10;SEDANG
202405;5;31;DKI3;69;17;13;13;16;22;69;PM10;SEDANG
202405;5;1;DKI4;56;N/A;29;14;16;6;56;PM10;SEDANG
202405;5;2;DKI4;N/A;N/A;N/A;N/A;N/A;N/A;N/A;N/A;TIDAK ADA DATA
202405;5;3;DKI4;64;88;29;15;19;9;88;PM25;SEDANG
202405;5;4;DKI4;68;90;30;23;15;8;90;PM25;SEDANG
202405;5;5;DKI4;79;107;30;32;15;13;107;PM25;TIDAK SEHAT
202405;5;6;DKI4;71;97;30;19;17;10;97;PM25;SEDANG
202405;5;7;DKI4;78;107;30;22;16;12;107;PM25;TIDAK SEHAT
202405;5;8;DKI4;76;101;30;17;18;10;101;PM25;TIDAK SEHAT
202405;5;9;DKI4;85;111;30;18;13;13;111;PM25;TIDAK SEHAT
202405;5;10;DKI4;74;96;30;13;15;7;96;PM25;SEDANG
202405;5;11;DKI4;75;92;30;12;13;7;92;PM25;SEDANG
202405;5;12;DKI4;67;85;30;13;11;6;85;PM25;SEDANG
202405;5;13;DKI4;62;82;30;15;14;6;82;PM25;SEDANG
202405;5;14;DKI4;69;94;30;15;14;10;94;PM25;SEDANG
202405;5;15;DKI4;75;98;30;12;12;8;98;PM25;SEDANG
202405;5;16;DKI4;82;111;30;13;20;8;111;PM25;TIDAK SEHAT
202405;5;17;DKI4;74;98;30;12;18;9;98;PM25;SEDANG
202405;5;18;DKI4;77;105;31;14;18;11;105;PM25;TIDAK SEHAT
202405;5;19;DKI4;69;92;31;17;18;11;92;PM25;SEDANG
202405;5;20;DKI4;83;110;31;18;20;10;110;PM25;TIDAK SEHAT
202405;5;21;DKI4;83;107;31;17;20;15;107;PM25;TIDAK SEHAT
202405;5;22;DKI4;84;106;31;16;22;9;106;PM25;TIDAK SEHAT
202405;5;23;DKI4;78;95;31;15;16;8;95;PM25;SEDANG
202405;5;24;DKI4;82;95;30;18;10;6;95;PM25;SEDANG
202405;5;25;DKI4;41;55;30;12;9;8;55;PM25;SEDANG
202405;5;26;DKI4;71;88;30;15;11;8;88;PM25;SEDANG
202405;5;27;DKI4;81;104;31;13;22;9;104;PM25;TIDAK SEHAT
202405;5;28;DKI4;81;104;31;14;20;8;104;PM25;TIDAK SEHAT
202405;5;29;DKI4;77;94;31;11;18;7;94;PM25;SEDANG
202405;5;30;DKI4;77;100;31;11;19;10;100;PM25;SEDANG
202405;5;31;DKI4;91;110;31;13;22;9;110;PM25;TIDAK SEHAT
202405;5;1;DKI5;41;64;23;17;64;13;64;PM25;SEDANG
202405;5;2;DKI5;53;81;23;17;62;13;81;PM25;SEDANG
202405;5;3;DKI5;58;95;24;18;75;17;95;PM25;SEDANG
202405;5;4;DKI5;62;97;26;22;57;27;97;PM25;SEDANG
202405;5;5;DKI5;60;97;26;23;58;21;97;PM25;SEDANG
202405;5;6;DKI5;56;86;26;18;60;17;86;PM25;SEDANG
202405;5;7;DKI5;68;111;28;21;54;26;111;PM25;TIDAK SEHAT
202405;5;8;DKI5;65;107;28;20;58;23;107;PM25;TIDAK SEHAT
202405;5;9;DKI5;66;109;28;22;60;20;109;PM25;TIDAK SEHAT
202405;5;10;DKI5;54;80;26;16;61;12;80;PM25;SEDANG
202405;5;11;DKI5;52;82;25;17;65;14;82;PM25;SEDANG
202405;5;12;DKI5;56;87;25;23;53;16;87;PM25;SEDANG
202405;5;13;DKI5;45;72;24;16;59;11;72;PM25;SEDANG
202405;5;14;DKI5;60;101;25;23;61;22;101;PM25;TIDAK SEHAT
202405;5;15;DKI5;59;91;26;23;57;21;91;PM25;SEDANG
202405;5;19;DKI5;58;95;26;20;58;15;95;PM25;SEDANG
202405;5;20;DKI5;57;96;27;20;63;17;96;PM25;SEDANG
202405;5;21;DKI5;62;101;29;21;65;21;101;PM25;TIDAK SEHAT
202405;5;22;DKI5;68;108;28;21;66;21;108;PM25;TIDAK SEHAT
202405;5;23;DKI5;66;80;24;20;60;17;80;PM25;SEDANG
202405;5;24;DKI5;57;83;24;22;57;20;83;PM25;SEDANG
202405;5;25;DKI5;29;53;25;18;57;17;57;O3;SEDANG
202405;5;26;DKI5;62;94;31;26;57;22;94;PM25;SEDANG
202405;5;27;DKI5;60;95;30;22;65;20;95;PM25;SEDANG
202405;5;28;DKI5;66;110;27;26;64;26;110;PM25;TIDAK SEHAT
202405;5;29;DKI5;56;87;26;17;62;14;87;PM25;SEDANG
202405;5;30;DKI5;54;95;28;18;66;19;95;PM25;SEDANG
202405;5;31;DKI5;62;111;28;21;69;22;111;PM25;TIDAK SEHAT
202409;9;17;DKI5;33;86;39;19;47;14;86;PM25;SEDANG
202409;9;18;DKI5;39;79;38;18;42;13;79;PM25;SEDANG
202409;9;19;DKI5;30;88;40;19;40;14;88;PM25;SEDANG
202409;9;20;DKI5;22;88;38;20;47;16;88;PM25;SEDANG
202409;9;21;DKI5;37;98;38;19;57;14;98;PM25;SEDANG
202409;9;22;DKI5;30;109;39;20;62;14;109;PM25;TIDAK SEHAT
202409;9;23;DKI5;21;92;37;19;55;14;92;PM25;SEDANG
202409;9;24;DKI5;37;85;37;21;42;18;85;PM25;SEDANG
202409;9;25;DKI5;47;109;35;28;44;24;109;PM25;TIDAK SEHAT
202409;9;26;DKI5;35;79;35;26;42;21;79;PM25;SEDANG
202409;9;27;DKI5;27;80;35;23;42;21;80;PM25;SEDANG
202409;9;28;DKI5;30;99;36;22;47;20;99;PM25;SEDANG
202409;9;29;DKI5;29;95;36;22;40;N/A;95;PM25;SEDANG
202409;9;30;DKI5;18;79;38;20;35;14;79;PM25;SEDANG
202410;10;1;DKI1;63;91;13;29;24;46;91;PM25;SEDANG
202410;10;2;DKI1;61;85;13;27;23;52;85;PM25;SEDANG
202410;10;3;DKI1;61;90;13;29;20;44;90;PM25;SEDANG
202410;10;4;DKI1;59;82;16;26;21;40;82;PM25;SEDANG
202410;10;5;DKI1;56;80;12;30;19;46;80;PM25;SEDANG
202410;10;6;DKI1;52;73;10;27;27;40;73;PM25;SEDANG
202410;10;7;DKI1;72;108;16;31;24;48;108;PM25;TIDAK SEHAT
202410;10;8;DKI1;55;76;16;25;21;40;76;PM25;SEDANG
202410;10;9;DKI1;55;76;13;26;24;41;76;PM25;SEDANG
202409;9;7;DKI5;30;80;35;17;47;10;80;PM25;SEDANG
202409;9;8;DKI5;28;79;35;18;40;11;79;PM25;SEDANG
202409;9;9;DKI5;17;65;34;17;48;9;65;PM25;SEDANG
202409;9;10;DKI5;38;76;33;24;36;17;76;PM25;SEDANG
202409;9;11;DKI5;26;68;34;19;28;18;68;PM25;SEDANG
202409;9;12;DKI5;23;103;39;20;54;15;103;PM25;TIDAK SEHAT
202409;9;13;DKI5;38;81;34;21;49;18;81;PM25;SEDANG
202409;9;14;DKI5;34;88;34;19;49;16;88;PM25;SEDANG
202409;9;15;DKI5;28;87;35;20;45;13;87;PM25;SEDANG
202409;9;16;DKI5;26;93;36;20;44;14;93;PM25;SEDANG
202405;5;16;DKI5;61;101;28;19;62;20;101;PM25;TIDAK SEHAT
202405;5;17;DKI5;57;90;28;17;58;17;90;PM25;SEDANG
202405;5;18;DKI5;60;101;27;21;59;22;101;PM25;TIDAK SEHAT
202408;8;1;DKI1;68;103;13;28;26;44;103;PM25;TIDAK SEHAT
202408;8;2;DKI1;60;85;11;27;37;44;85;PM25;SEDANG
202408;8;3;DKI1;47;64;10;28;26;45;64;PM25;SEDANG
202408;8;4;DKI1;50;74;10;29;29;39;74;PM25;SEDANG
202408;8;5;DKI1;53;78;10;26;23;37;78;PM25;SEDANG
202408;8;6;DKI1;53;75;16;24;21;42;75;PM25;SEDANG
202408;8;7;DKI1;62;91;13;26;27;42;91;PM25;SEDANG
202408;8;8;DKI1;64;96;16;28;23;42;96;PM25;SEDANG
202408;8;9;DKI1;61;91;15;25;19;33;91;PM25;SEDANG
202408;8;10;DKI1;55;81;15;23;21;35;81;PM25;SEDANG
202408;8;11;DKI1;56;77;12;22;28;28;77;PM25;SEDANG
202408;8;12;DKI1;54;78;12;23;24;30;78;PM25;SEDANG
202408;8;13;DKI1;62;93;19;26;25;44;93;PM25;SEDANG
202408;8;14;DKI1;62;93;17;26;27;43;93;PM25;SEDANG
202408;8;15;DKI1;63;90;14;26;38;38;90;PM25;SEDANG
202408;8;16;DKI1;64;91;15;28;33;48;91;PM25;SEDANG
202408;8;17;DKI1;65;92;15;25;31;44;92;PM25;SEDANG
202408;8;18;DKI1;62;93;13;23;30;32;93;PM25;SEDANG
202408;8;19;DKI1;60;86;13;24;32;38;86;PM25;SEDANG
202408;8;20;DKI1;64;93;14;26;27;46;93;PM25;SEDANG
202408;8;21;DKI1;67;96;17;27;27;47;96;PM25;SEDANG
202408;8;22;DKI1;63;84;19;25;26;40;84;PM25;SEDANG
202408;8;23;DKI1;56;77;12;23;28;32;77;PM25;SEDANG
202408;8;24;DKI1;62;98;13;27;24;43;98;PM25;SEDANG
202408;8;25;DKI1;66;90;13;25;28;37;90;PM25;SEDANG
202408;8;26;DKI1;55;78;13;24;28;39;78;PM25;SEDANG
202408;8;27;DKI1;69;106;14;30;36;50;106;PM25;TIDAK SEHAT
202408;8;28;DKI1;62;86;14;24;33;41;86;PM25;SEDANG
202408;8;29;DKI1;65;98;14;26;41;42;98;PM25;SEDANG
202408;8;30;DKI1;68;98;15;28;30;46;98;PM25;SEDANG
202408;8;31;DKI1;56;75;14;25;24;40;75;PM25;SEDANG
202408;8;1;DKI2;65;99;57;10;34;23;99;PM25;SEDANG
202408;8;2;DKI2;64;86;57;11;28;27;86;PM25;SEDANG
202408;8;3;DKI2;56;70;58;9;21;31;70;PM25;SEDANG
202408;8;4;DKI2;54;83;58;13;23;37;83;PM25;SEDANG
202408;8;5;DKI2;56;80;57;12;28;24;80;PM25;SEDANG
202408;8;6;DKI2;61;83;58;10;25;23;83;PM25;SEDANG
202408;8;7;DKI2;62;92;57;10;33;20;92;PM25;SEDANG
202408;8;8;DKI2;74;107;59;12;25;32;107;PM25;TIDAK SEHAT
202408;8;9;DKI2;67;91;57;10;23;20;91;PM25;SEDANG
202408;8;10;DKI2;60;85;57;9;23;17;85;PM25;SEDANG
202408;8;11;DKI2;59;79;57;8;30;12;79;PM25;SEDANG
202408;8;12;DKI2;55;83;57;9;28;14;83;PM25;SEDANG
202408;8;13;DKI2;66;102;59;13;29;34;102;PM25;TIDAK SEHAT
202408;8;14;DKI2;71;100;58;11;30;29;100;PM25;SEDANG
202408;8;15;DKI2;67;93;57;10;40;22;93;PM25;SEDANG
202407;7;1;DKI1;62;90;11;28;31;41;90;PM25;SEDANG
202407;7;2;DKI1;55;74;9;26;25;38;74;PM25;SEDANG
202407;7;3;DKI1;69;103;12;38;29;51;103;PM25;TIDAK SEHAT
202407;7;4;DKI1;58;78;9;36;26;52;78;PM25;SEDANG
202407;7;5;DKI1;53;66;10;28;21;41;66;PM25;SEDANG
202407;7;6;DKI1;30;38;8;24;15;24;38;PM25;BAIK
202407;7;7;DKI1;24;41;8;24;24;26;41;PM25;BAIK
202407;7;8;DKI1;31;53;11;23;24;30;53;PM25;SEDANG
202407;7;9;DKI1;43;66;8;31;28;49;66;PM25;SEDANG
202407;7;10;DKI1;55;77;11;24;32;37;77;PM25;SEDANG
202407;7;11;DKI1;64;94;13;32;25;50;94;PM25;SEDANG
202407;7;12;DKI1;60;86;11;26;35;43;86;PM25;SEDANG
202407;7;13;DKI1;66;93;15;30;23;50;93;PM25;SEDANG
202407;7;14;DKI1;59;83;12;27;26;41;83;PM25;SEDANG
202407;7;15;DKI1;58;85;15;25;28;40;85;PM25;SEDANG
202407;7;16;DKI1;58;92;13;27;28;49;92;PM25;SEDANG
202407;7;17;DKI1;59;88;17;26;20;45;88;PM25;SEDANG
202407;7;18;DKI1;63;91;17;25;27;40;91;PM25;SEDANG
202406;6;1;DKI1;73;102;16;8;22;48;102;PM25;TIDAK SEHAT
202406;6;2;DKI1;67;95;14;5;24;45;95;PM25;SEDANG
202406;6;3;DKI1;50;61;11;5;24;40;61;PM25;SEDANG
202406;6;4;DKI1;58;76;14;5;26;44;76;PM25;SEDANG
202406;6;5;DKI1;63;88;17;6;27;51;88;PM25;SEDANG
202406;6;6;DKI1;55;77;16;5;16;42;77;PM25;SEDANG
202406;6;7;DKI1;58;82;16;N/A;24;41;82;PM25;SEDANG
202406;6;8;DKI1;62;88;16;25;22;40;88;PM25;SEDANG
202406;6;9;DKI1;63;87;18;23;27;32;87;PM25;SEDANG
202406;6;10;DKI1;69;99;14;34;19;50;99;PM25;SEDANG
202406;6;11;DKI1;60;79;18;26;31;37;79;PM25;SEDANG
202406;6;12;DKI1;58;76;12;35;26;51;76;PM25;SEDANG
202406;6;13;DKI1;49;61;16;30;21;36;61;PM25;SEDANG
202406;6;14;DKI1;52;66;18;25;23;33;66;PM25;SEDANG
202406;6;15;DKI1;50;69;14;28;33;38;69;PM25;SEDANG
202406;6;16;DKI1;54;73;9;26;41;42;73;PM25;SEDANG
202406;6;17;DKI1;53;72;11;27;32;32;72;PM25;SEDANG
202406;6;18;DKI1;63;98;13;24;33;30;98;PM25;SEDANG
202406;6;19;DKI1;67;93;15;30;27;46;93;PM25;SEDANG
202406;6;20;DKI1;62;87;16;25;24;37;87;PM25;SEDANG
202406;6;21;DKI1;62;89;16;26;26;43;89;PM25;SEDANG
202406;6;22;DKI1;63;90;15;25;30;41;90;PM25;SEDANG
202406;6;23;DKI1;63;89;17;25;27;35;89;PM25;SEDANG
202406;6;24;DKI1;57;85;15;26;20;40;85;PM25;SEDANG
202406;6;25;DKI1;58;76;20;26;20;34;76;PM25;SEDANG
202406;6;26;DKI1;51;65;13;30;23;29;65;PM25;SEDANG
202406;6;27;DKI1;56;74;14;25;23;32;74;PM25;SEDANG
202406;6;28;DKI1;53;67;12;27;24;33;67;PM25;SEDANG
202406;6;29;DKI1;52;74;11;34;22;34;74;PM25;SEDANG
202406;6;30;DKI1;41;58;10;24;23;33;58;PM25;SEDANG
202406;6;1;DKI2;74;106;56;13;23;18;106;PM25;TIDAK SEHAT
202406;6;2;DKI2;70;98;57;18;20;26;98;PM25;SEDANG
202406;6;3;DKI2;48;61;55;10;18;17;61;PM25;SEDANG
202406;6;4;DKI2;57;80;56;14;17;26;80;PM25;SEDANG
202406;6;5;DKI2;70;97;56;15;21;28;97;PM25;SEDANG
202406;6;6;DKI2;62;87;56;12;21;18;87;PM25;SEDANG
202406;6;7;DKI2;65;88;57;10;24;14;88;PM25;SEDANG
202406;6;8;DKI2;68;94;56;12;22;21;94;PM25;SEDANG
202406;6;9;DKI2;61;82;56;9;26;7;82;PM25;SEDANG
202406;6;10;DKI2;66;96;57;17;18;30;96;PM25;SEDANG
202406;6;11;DKI2;58;99;60;11;19;21;99;PM25;SEDANG
202406;6;12;DKI2;58;86;57;21;14;46;86;PM25;SEDANG
202406;6;13;DKI2;57;69;56;14;16;38;69;PM25;SEDANG
202406;6;14;DKI2;60;77;57;9;18;26;77;PM25;SEDANG
202406;6;15;DKI2;55;77;56;10;23;25;77;PM25;SEDANG
202406;6;16;DKI2;54;68;55;12;28;26;68;PM25;SEDANG
202406;6;17;DKI2;56;77;55;11;22;23;77;PM25;SEDANG
202406;6;18;DKI2;57;110;58;12;22;18;110;PM25;TIDAK SEHAT
202406;6;19;DKI2;74;107;57;19;16;36;107;PM25;TIDAK SEHAT
202406;6;20;DKI2;67;94;57;11;22;17;94;PM25;SEDANG
202406;6;21;DKI2;75;106;58;14;25;29;106;PM25;TIDAK SEHAT
202406;6;22;DKI2;76;103;57;12;26;20;103;PM25;TIDAK SEHAT
202406;6;23;DKI2;83;104;59;13;20;23;104;PM25;TIDAK SEHAT
202406;6;24;DKI2;67;99;57;15;20;24;99;PM25;SEDANG
202406;6;25;DKI2;67;84;57;11;16;20;84;PM25;SEDANG
202406;6;26;DKI2;63;76;57;17;12;52;76;PM25;SEDANG
202406;6;27;DKI2;74;96;57;10;16;23;96;PM25;SEDANG
202406;6;28;DKI2;59;75;57;10;14;21;75;PM25;SEDANG
202406;6;29;DKI2;60;82;59;16;12;42;82;PM25;SEDANG
202406;6;30;DKI2;55;68;58;17;14;42;68;PM25;SEDANG
202406;6;1;DKI3;73;84;55;17;15;36;84;PM25;SEDANG
202406;6;2;DKI3;59;61;55;16;15;39;61;PM25;SEDANG
202406;6;3;DKI3;54;57;55;12;12;32;57;PM25;SEDANG
202406;6;4;DKI3;56;64;55;15;12;39;64;PM25;SEDANG
202406;6;5;DKI3;68;78;55;17;14;41;78;PM25;SEDANG
202406;6;6;DKI3;51;58;56;10;17;34;58;PM25;SEDANG
202406;6;7;DKI3;66;75;56;12;19;34;75;PM25;SEDANG
202406;6;8;DKI3;67;78;56;16;16;38;78;PM25;SEDANG
202406;6;9;DKI3;71;76;56;13;15;28;76;PM25;SEDANG
202406;6;10;DKI3;65;71;55;17;13;45;71;PM25;SEDANG
202406;6;11;DKI3;59;59;55;15;14;36;59;SO2;SEDANG
202406;6;12;DKI3;53;57;56;16;12;52;57;PM25;SEDANG
202406;6;13;DKI3;38;70;56;12;7;53;70;PM25;SEDANG
202406;6;14;DKI3;53;80;57;15;10;91;91;PM25;SEDANG
202406;6;15;DKI3;44;68;57;11;10;36;68;SO2;SEDANG
202406;6;16;DKI3;38;67;56;12;14;35;67;PM25;SEDANG
202406;6;17;DKI3;53;81;57;10;15;34;81;PM25;SEDANG
202406;6;18;DKI3;92;141;56;26;11;78;141;PM25;TIDAK SEHAT
202406;6;19;DKI3;68;106;56;15;11;51;106;PM25;TIDAK SEHAT
202406;6;20;DKI3;54;88;57;8;17;31;88;PM25;SEDANG
202406;6;21;DKI3;64;105;58;12;18;37;105;PM25;TIDAK SEHAT
202406;6;22;DKI3;62;101;57;12;16;38;101;PM25;TIDAK SEHAT
202406;6;23;DKI3;58;92;58;10;14;35;92;PM25;SEDANG
202406;6;24;DKI3;N/A;101;58;12;14;37;101;PM25;TIDAK SEHAT
202406;6;25;DKI3;62;98;57;12;13;43;98;PM25;SEDANG
202406;6;26;DKI3;50;71;57;13;8;76;76;PM25;SEDANG
202406;6;27;DKI3;52;75;57;9;11;40;75;PM25;SEDANG
202406;6;28;DKI3;50;69;57;18;7;63;69;PM25;SEDANG
202406;6;29;DKI3;60;11;59;18;7;83;83;PM10;SEDANG
202406;6;30;DKI3;27;10;57;9;10;47;57;PM10;SEDANG
202406;6;1;DKI4;97;120;31;13;19;8;120;PM25;TIDAK SEHAT
202406;6;2;DKI4;73;91;31;12;14;12;91;PM25;SEDANG
202406;6;3;DKI4;60;71;31;12;12;9;71;PM25;SEDANG
202406;6;4;DKI4;87;106;31;13;12;8;106;PM25;TIDAK SEHAT
202406;6;5;DKI4;74;93;31;14;17;10;93;PM25;SEDANG
202406;6;6;DKI4;70;85;32;12;16;12;85;PM25;SEDANG
202406;6;7;DKI4;79;97;31;13;18;8;97;PM25;SEDANG
202406;6;8;DKI4;78;96;32;12;16;14;96;PM25;SEDANG
202406;6;9;DKI4;78;92;32;11;16;7;92;PM25;SEDANG
202406;6;10;DKI4;84;100;32;12;12;10;100;PM25;SEDANG
202406;6;11;DKI4;74;88;31;11;14;7;88;PM25;SEDANG
202406;6;12;DKI4;63;70;31;12;7;9;70;PM25;SEDANG
202406;6;13;DKI4;61;72;31;12;4;6;72;PM25;SEDANG
202406;6;14;DKI4;N/A;74;32;11;8;6;74;PM25;SEDANG
202406;6;15;DKI4;N/A;73;33;34;15;8;73;PM25;SEDANG
202406;6;16;DKI4;56;63;40;25;11;16;63;PM25;SEDANG
202406;6;17;DKI4;57;76;39;23;15;10;76;PM25;SEDANG
202406;6;18;DKI4;87;113;40;31;15;12;113;PM25;TIDAK SEHAT
202406;6;19;DKI4;77;97;40;28;13;16;97;PM25;SEDANG
202406;6;20;DKI4;76;92;41;21;15;16;92;PM25;SEDANG
202406;6;21;DKI4;78;100;41;24;19;22;100;PM25;SEDANG
202406;6;22;DKI4;74;103;40;23;17;18;103;PM25;TIDAK SEHAT
202406;6;23;DKI4;75;91;41;22;14;20;91;PM25;SEDANG
202406;6;24;DKI4;69;90;41;25;16;22;90;PM25;SEDANG
202406;6;25;DKI4;68;85;40;21;10;17;85;PM25;SEDANG
202406;6;26;DKI4;71;80;41;27;8;16;80;PM25;SEDANG
202406;6;27;DKI4;73;86;41;20;19;13;86;PM25;SEDANG
202406;6;28;DKI4;63;74;40;26;17;9;74;PM25;SEDANG
202406;6;29;DKI4;63;76;40;35;15;9;76;PM25;SEDANG
202406;6;30;DKI4;51;56;40;24;11;14;56;PM25;SEDANG
202406;6;1;DKI5;70;124;28;25;67;26;124;PM25;TIDAK SEHAT
202406;6;2;DKI5;66;112;27;24;70;21;112;PM25;TIDAK SEHAT
202406;6;3;DKI5;43;66;24;18;76;16;76;O3;SEDANG
202406;6;4;DKI5;58;100;24;28;71;25;100;PM25;SEDANG
202406;6;5;DKI5;74;128;25;31;71;31;128;PM25;TIDAK SEHAT
202406;6;6;DKI5;52;84;29;18;50;18;84;PM25;SEDANG
202406;6;7;DKI5;60;103;27;21;68;22;103;PM25;TIDAK SEHAT
202406;6;8;DKI5;63;109;30;24;58;22;109;PM25;TIDAK SEHAT
202406;6;9;DKI5;60;99;28;20;72;19;99;PM25;SEDANG
202406;6;10;DKI5;60;104;28;27;61;25;104;PM25;TIDAK SEHAT
202406;6;11;DKI5;53;88;27;20;73;18;88;PM25;SEDANG
202406;6;12;DKI5;56;92;26;27;66;27;92;PM25;SEDANG
202406;6;13;DKI5;44;70;29;21;45;19;70;PM25;SEDANG
202406;6;14;DKI5;39;69;33;19;53;18;69;PM25;SEDANG
202406;6;15;DKI5;46;77;29;23;46;22;77;PM25;SEDANG
202406;6;16;DKI5;44;74;28;23;63;23;74;PM25;SEDANG
202406;6;17;DKI5;47;77;28;20;53;14;77;PM25;SEDANG
202406;6;18;DKI5;67;124;29;25;52;14;124;PM25;TIDAK SEHAT
202406;6;19;DKI5;67;112;30;29;48;22;112;PM25;TIDAK SEHAT
202406;6;20;DKI5;54;88;32;19;48;18;88;PM25;SEDANG
202406;6;21;DKI5;64;110;34;23;38;24;110;PM25;TIDAK SEHAT
202406;6;22;DKI5;63;105;32;22;51;19;105;PM25;TIDAK SEHAT
202406;6;23;DKI5;61;97;34;21;35;16;97;PM25;SEDANG
202406;6;24;DKI5;60;103;33;22;39;20;103;PM25;TIDAK SEHAT
202406;6;25;DKI5;58;91;35;21;39;18;91;PM25;SEDANG
202406;6;26;DKI5;55;84;31;29;29;13;84;PM25;SEDANG
202406;6;27;DKI5;47;74;34;18;41;16;74;PM25;SEDANG
202406;6;28;DKI5;46;70;35;24;45;19;70;PM25;SEDANG
202406;6;29;DKI5;55;87;30;30;46;14;87;PM25;SEDANG
202406;6;30;DKI5;38;66;31;22;35;16;66;PM25;SEDANG
202407;7;12;DKI2;70;98;57;12;29;31;98;PM25;SEDANG
202407;7;19;DKI1;58;84;15;25;23;38;84;PM25;SEDANG
202407;7;20;DKI1;60;84;17;24;24;38;84;PM25;SEDANG
202407;7;21;DKI1;59;87;13;24;26;35;87;PM25;SEDANG
202407;7;22;DKI1;59;79;12;24;29;38;79;PM25;SEDANG
202407;7;23;DKI1;63;92;16;25;33;41;92;PM25;SEDANG
202407;7;24;DKI1;75;99;23;27;27;44;99;PM25;SEDANG
202407;7;25;DKI1;61;83;16;26;28;43;83;PM25;SEDANG
202407;7;26;DKI1;59;84;15;27;15;42;84;PM25;SEDANG
202407;7;27;DKI1;64;94;17;24;18;37;94;PM25;SEDANG
202407;7;28;DKI1;64;102;16;24;29;33;102;PM25;TIDAK SEHAT
202407;7;29;DKI1;63;90;15;23;25;33;90;PM25;SEDANG
202407;7;30;DKI1;63;96;16;26;20;44;96;PM25;SEDANG
202407;7;31;DKI1;69;105;16;27;21;49;105;PM25;TIDAK SEHAT
202407;7;1;DKI2;61;92;57;15;22;26;92;PM25;SEDANG
202407;7;2;DKI2;59;74;58;12;17;26;74;PM25;SEDANG
202407;7;3;DKI2;71;103;57;18;21;48;103;PM25;TIDAK SEHAT
202407;7;4;DKI2;59;76;56;21;19;54;76;PM25;SEDANG
202407;7;5;DKI2;53;70;57;15;13;48;70;PM25;SEDANG
202407;7;6;DKI2;33;47;57;10;10;25;57;SO2;SEDANG
202407;7;7;DKI2;35;53;58;15;13;44;58;SO2;SEDANG
202407;7;8;DKI2;42;56;58;11;15;23;58;SO2;SEDANG
202407;7;9;DKI2;39;65;57;12;19;32;65;PM25;SEDANG
202407;7;10;DKI2;62;79;57;10;22;25;79;PM25;SEDANG
202407;7;11;DKI2;67;101;57;16;24;40;101;PM25;TIDAK SEHAT
202407;7;13;DKI2;79;109;60;17;24;46;109;PM25;TIDAK SEHAT
202407;7;14;DKI2;65;90;57;14;28;27;90;PM25;SEDANG
202407;7;15;DKI2;66;96;57;15;33;32;96;PM25;SEDANG
202407;7;16;DKI2;66;96;57;14;31;31;96;PM25;SEDANG
202407;7;17;DKI2;71;97;58;13;26;30;97;PM25;SEDANG
202407;7;18;DKI2;71;95;58;11;30;17;95;PM25;SEDANG
202407;7;19;DKI2;66;89;58;11;26;20;89;PM25;SEDANG
202407;7;20;DKI2;67;87;58;11;27;23;87;PM25;SEDANG
202407;7;21;DKI2;63;89;57;11;30;16;89;PM25;SEDANG
202407;7;22;DKI2;58;78;57;11;39;15;78;PM25;SEDANG
202407;7;23;DKI2;64;88;57;11;38;23;88;PM25;SEDANG
202407;7;24;DKI2;80;115;59;12;30;37;115;PM25;TIDAK SEHAT
202407;7;25;DKI2;70;92;57;11;36;28;92;PM25;SEDANG
202407;7;26;DKI2;64;93;58;11;28;25;93;PM25;SEDANG
202407;7;27;DKI2;70;100;58;10;28;22;100;PM25;SEDANG
202407;7;28;DKI2;72;104;58;10;33;17;104;PM25;TIDAK SEHAT
202407;7;29;DKI2;67;93;57;9;31;12;93;PM25;SEDANG
202407;7;30;DKI2;75;106;58;11;27;27;106;PM25;TIDAK SEHAT
202407;7;31;DKI2;78;110;58;11;30;26;110;PM25;TIDAK SEHAT
202407;7;1;DKI3;56;89;57;13;13;41;89;PM25;SEDANG
202407;7;2;DKI3;35;67;57;10;11;37;67;PM25;SEDANG
202407;7;3;DKI3;71;106;58;21;12;77;106;PM25;TIDAK SEHAT
202407;7;4;DKI3;46;71;57;15;12;62;71;PM25;SEDANG
202407;7;5;DKI3;52;69;58;12;9;57;69;PM25;SEDANG
202407;7;6;DKI3;28;50;57;8;6;61;61;N/A;SEDANG
202407;7;7;DKI3;22;32;57;11;8;85;85;N/A;SEDANG
202407;7;8;DKI3;36;60;58;11;11;66;66;N/A;SEDANG
202407;7;9;DKI3;31;58;57;11;10;45;58;PM25;SEDANG
202407;7;10;DKI3;51;77;58;7;12;24;77;PM25;SEDANG
202407;7;11;DKI3;64;101;58;13;11;31;101;PM25;TIDAK SEHAT
202407;7;12;DKI3;61;98;58;12;17;32;98;PM25;SEDANG
202407;7;13;DKI3;68;111;59;19;17;65;111;PM25;TIDAK SEHAT
202407;7;14;DKI3;61;92;58;12;17;33;92;PM25;SEDANG
202407;7;15;DKI3;57;90;58;11;17;29;90;PM25;SEDANG
202407;7;16;DKI3;54;86;58;9;22;27;86;PM25;SEDANG
202407;7;17;DKI3;59;93;58;11;17;29;93;PM25;SEDANG
202407;7;18;DKI3;59;88;58;9;18;26;88;PM25;SEDANG
202407;7;19;DKI3;53;82;58;8;19;24;82;PM25;SEDANG
202407;7;20;DKI3;58;89;58;9;19;28;89;PM25;SEDANG
202407;7;21;DKI3;52;81;58;8;20;25;81;PM25;SEDANG
202407;7;22;DKI3;51;78;58;8;20;25;78;PM25;SEDANG
202407;7;23;DKI3;55;83;59;8;23;25;83;PM25;SEDANG
202407;7;24;DKI3;54;82;60;7;22;30;82;PM25;SEDANG
202407;7;25;DKI3;45;73;58;7;20;34;73;PM25;SEDANG
202407;7;26;DKI3;52;76;58;8;15;38;76;PM25;SEDANG
202407;7;27;DKI3;60;91;59;9;19;32;91;PM25;SEDANG
202407;7;28;DKI3;62;99;59;9;21;32;99;PM25;SEDANG
202407;7;29;DKI3;54;15;59;8;22;33;59;SO2;SEDANG
202407;7;30;DKI3;55;16;59;8;21;32;59;SO2;SEDANG
202407;7;31;DKI3;62;16;28;26;21;28;62;PM10;SEDANG
202407;7;1;DKI4;73;98;40;30;18;14;98;PM25;SEDANG
202407;7;2;DKI4;61;71;40;25;15;15;71;PM25;SEDANG
202407;7;3;DKI4;77;105;43;36;17;15;105;PM25;TIDAK SEHAT
202407;7;4;DKI4;61;68;51;31;17;16;68;PM25;SEDANG
202407;7;5;DKI4;64;65;51;24;12;16;65;PM25;SEDANG
202407;7;6;DKI4;51;51;51;20;11;12;51;PM10;SEDANG
202407;7;7;DKI4;33;46;51;24;11;14;51;SO2;SEDANG
202407;7;8;DKI4;52;63;51;22;21;10;63;PM25;SEDANG
202407;7;9;DKI4;46;55;51;22;18;13;55;PM25;SEDANG
202407;7;10;DKI4;65;74;51;19;20;12;74;PM25;SEDANG
202407;7;11;DKI4;75;107;51;28;26;17;107;PM25;TIDAK SEHAT
202407;7;12;DKI4;79;94;51;26;29;20;94;PM25;SEDANG
202407;7;13;DKI4;N/A;102;51;29;21;23;102;PM25;TIDAK SEHAT
202407;7;14;DKI4;N/A;100;51;27;19;22;100;PM25;SEDANG
202407;7;15;DKI4;N/A;88;51;23;22;22;88;PM25;SEDANG
202407;7;16;DKI4;74;81;51;23;29;20;81;PM25;SEDANG
202407;7;17;DKI4;77;97;51;26;19;22;97;PM25;SEDANG
202407;7;18;DKI4;76;90;51;21;24;18;90;PM25;SEDANG
202407;7;19;DKI4;73;81;51;19;24;17;81;PM25;SEDANG
202407;7;20;DKI4;76;84;51;21;25;16;84;PM25;SEDANG
202407;7;21;DKI4;70;81;51;20;27;16;81;PM25;SEDANG
202407;7;22;DKI4;69;80;51;21;32;17;80;PM25;SEDANG
202407;7;23;DKI4;72;81;52;21;34;19;81;PM25;SEDANG
202407;7;24;DKI4;77;87;52;21;26;23;87;PM25;SEDANG
202407;7;25;DKI4;66;74;51;20;30;19;74;PM25;SEDANG
202407;7;26;DKI4;64;79;52;22;25;17;79;PM25;SEDANG
202407;7;27;DKI4;75;92;51;20;27;16;92;PM25;SEDANG
202407;7;28;DKI4;75;90;51;21;31;15;90;PM25;SEDANG
202407;7;29;DKI4;83;97;52;20;31;17;97;PM25;SEDANG
202407;7;30;DKI4;80;94;52;23;28;19;94;PM25;SEDANG
202407;7;31;DKI4;96;113;52;28;28;20;113;PM25;TIDAK SEHAT
202407;7;1;DKI5;N/A;94;34;21;44;17;94;PM25;SEDANG
202407;7;2;DKI5;48;74;28;19;45;16;74;PM25;SEDANG
202407;7;3;DKI5;N/A;121;31;33;43;25;121;PM25;TIDAK SEHAT
202407;7;4;DKI5;N/A;84;30;29;N/A;25;84;PM25;SEDANG
202407;7;5;DKI5;N/A;78;38;24;23;27;78;PM25;SEDANG
202407;7;6;DKI5;N/A;43;33;20;17;16;43;PM25;BAIK
202407;7;7;DKI5;N/A;45;32;24;19;13;45;PM25;BAIK
202407;7;8;DKI5;N/A;60;34;22;31;14;60;PM25;SEDANG
202407;7;9;DKI5;N/A;66;30;22;36;23;66;PM25;SEDANG
202407;7;10;DKI5;N/A;77;35;18;44;15;77;PM25;SEDANG
202407;7;11;DKI5;66;117;33;27;25;23;117;PM25;TIDAK SEHAT
202407;7;12;DKI5;53;96;34;22;36;20;96;PM25;SEDANG
202407;7;13;DKI5;65;112;34;29;25;32;112;PM25;TIDAK SEHAT
202407;7;14;DKI5;59;104;33;25;27;23;104;PM25;TIDAK SEHAT
202407;7;15;DKI5;52;89;35;22;31;20;89;PM25;SEDANG
202407;7;16;DKI5;53;99;34;24;37;24;99;PM25;SEDANG
202407;7;17;DKI5;57;99;35;25;27;25;99;PM25;SEDANG
202407;7;18;DKI5;52;89;37;20;36;17;89;PM25;SEDANG
202407;7;19;DKI5;47;93;34;20;53;15;93;PM25;SEDANG
202407;7;20;DKI5;51;91;35;19;54;17;91;PM25;SEDANG
202407;7;21;DKI5;45;88;33;18;58;13;88;PM25;SEDANG
202407;7;22;DKI5;39;82;32;18;61;13;82;PM25;SEDANG
202407;7;23;DKI5;47;85;35;18;52;14;85;PM25;SEDANG
202407;7;24;DKI5;53;95;38;19;41;16;95;PM25;SEDANG
202407;7;25;DKI5;44;84;34;19;47;15;84;PM25;SEDANG
202407;7;26;DKI5;53;90;34;20;37;16;90;PM25;SEDANG
202407;7;27;DKI5;52;91;36;19;44;16;91;PM25;SEDANG
202407;7;28;DKI5;55;104;34;20;54;14;104;PM25;TIDAK SEHAT
202407;7;29;DKI5;44;94;34;20;46;15;94;PM25;SEDANG
202407;7;30;DKI5;53;102;33;21;39;19;102;PM25;TIDAK SEHAT
202407;7;31;DKI5;59;112;34;22;42;22;112;PM25;TIDAK SEHAT
202408;8;16;DKI2;65;91;58;11;36;27;91;PM25;SEDANG
202408;8;17;DKI2;70;95;58;8;34;17;95;PM25;SEDANG
202408;8;18;DKI2;64;89;58;7;32;10;89;PM25;SEDANG
202408;8;19;DKI2;61;87;58;8;35;14;87;PM25;SEDANG
202408;8;20;DKI2;68;97;58;9;31;20;97;PM25;SEDANG
202408;8;21;DKI2;73;102;58;9;33;23;102;PM25;TIDAK SEHAT
202408;8;22;DKI2;65;91;59;9;28;22;91;PM25;SEDANG
202408;8;23;DKI2;57;79;57;7;29;9;79;PM25;SEDANG
202408;8;24;DKI2;66;101;58;10;28;27;101;PM25;TIDAK SEHAT
202408;8;25;DKI2;65;93;58;9;30;17;93;PM25;SEDANG
202408;8;26;DKI2;54;82;58;9;35;18;82;PM25;SEDANG
202408;8;27;DKI2;70;106;58;12;36;31;106;PM25;TIDAK SEHAT
202408;8;28;DKI2;71;94;58;9;32;29;94;PM25;SEDANG
202408;8;29;DKI2;70;101;58;9;43;25;101;PM25;TIDAK SEHAT
202408;8;30;DKI2;68;93;58;11;28;34;93;PM25;SEDANG
202408;8;31;DKI2;59;80;58;8;31;22;80;PM25;SEDANG
202408;8;1;DKI3;60;99;59;10;18;40;99;PM25;SEDANG
202408;8;2;DKI3;45;73;58;10;11;44;73;PM25;SEDANG
202408;8;3;DKI3;33;60;58;12;5;53;60;PM25;SEDANG
202408;8;4;DKI3;45;65;58;14;4;59;65;PM25;SEDANG
202408;8;5;DKI3;46;72;58;10;5;41;72;PM25;SEDANG
202408;8;6;DKI3;53;80;58;10;6;38;80;PM25;SEDANG
202408;8;7;DKI3;57;92;58;9;7;33;92;PM25;SEDANG
202408;8;8;DKI3;69;112;59;14;9;48;112;PM25;TIDAK SEHAT
202408;8;9;DKI3;62;94;59;11;16;46;94;PM25;SEDANG
202408;8;10;DKI3;54;84;59;9;19;31;84;PM25;SEDANG
202408;8;11;DKI3;51;76;58;7;19;19;76;PM25;SEDANG
202408;8;12;DKI3;43;74;59;7;22;29;74;PM25;SEDANG
202408;8;13;DKI3;64;95;61;12;27;47;95;PM25;SEDANG
202408;8;14;DKI3;62;96;61;11;32;40;96;PM25;SEDANG
202408;8;15;DKI3;63;93;60;11;29;45;93;PM25;SEDANG
202408;8;16;DKI3;58;94;60;10;32;44;94;PM25;SEDANG
202408;8;17;DKI3;69;104;62;13;38;50;104;PM25;TIDAK SEHAT
202408;8;18;DKI3;66;104;61;11;36;38;104;PM25;TIDAK SEHAT
202408;8;19;DKI3;56;85;60;8;35;36;85;PM25;SEDANG
202408;8;20;DKI3;64;103;62;11;32;50;103;PM25;TIDAK SEHAT
202408;8;21;DKI3;63;103;63;12;29;58;103;PM25;TIDAK SEHAT
202408;8;22;DKI3;62;89;63;9;31;48;89;PM25;SEDANG
202408;8;23;DKI3;60;88;60;9;29;48;88;PM25;SEDANG
202408;8;24;DKI3;59;92;60;9;32;32;92;PM25;SEDANG
202408;8;25;DKI3;55;82;60;8;33;30;82;PM25;SEDANG
202408;8;26;DKI3;60;90;60;12;26;50;90;PM25;SEDANG
202408;8;27;DKI3;65;98;61;12;30;50;98;PM25;SEDANG
202408;8;28;DKI3;54;80;61;8;37;39;80;PM25;SEDANG
202408;8;29;DKI3;61;14;61;10;33;46;61;PM10;SEDANG
202408;8;30;DKI3;59;15;61;11;32;50;61;SO2;SEDANG
202408;8;31;DKI3;47;14;19;22;32;38;47;PM10;BAIK
202408;8;1;DKI4;72;83;51;21;32;17;83;PM25;SEDANG
202408;8;2;DKI4;63;75;51;23;28;20;75;PM25;SEDANG
202408;8;3;DKI4;54;58;51;22;22;14;58;PM25;SEDANG
202408;8;4;DKI4;58;64;51;29;18;13;64;PM25;SEDANG
202408;8;5;DKI4;53;67;51;21;21;15;67;PM25;SEDANG
202408;8;6;DKI4;67;75;52;21;24;17;75;PM25;SEDANG
202408;8;7;DKI4;76;87;52;21;30;17;87;PM25;SEDANG
202408;8;8;DKI4;91;98;52;25;32;22;98;PM25;SEDANG
202408;8;9;DKI4;78;85;53;23;32;19;85;PM25;SEDANG
202408;8;10;DKI4;64;75;53;19;39;18;75;PM25;SEDANG
202408;8;11;DKI4;62;68;52;17;47;15;68;PM25;SEDANG
202408;8;12;DKI4;56;66;52;17;43;14;66;PM25;SEDANG
202408;8;13;DKI4;75;88;53;23;38;24;88;PM25;SEDANG
202408;8;14;DKI4;78;85;53;24;37;25;85;PM25;SEDANG
202408;8;15;DKI4;78;84;53;22;42;22;84;PM25;SEDANG
202408;8;16;DKI4;73;83;53;23;44;24;83;PM25;SEDANG
202408;8;17;DKI4;75;93;54;24;56;23;93;PM25;SEDANG
202408;8;18;DKI4;76;90;53;21;46;16;90;PM25;SEDANG
202408;8;19;DKI4;70;81;53;20;48;15;81;PM25;SEDANG
202408;8;20;DKI4;81;95;53;22;48;20;95;PM25;SEDANG
202408;8;21;DKI4;85;95;53;23;43;23;95;PM25;SEDANG
202408;8;22;DKI4;86;102;54;19;47;17;102;PM25;TIDAK SEHAT
202408;8;23;DKI4;87;103;52;20;31;13;103;PM25;TIDAK SEHAT
202408;8;24;DKI4;69;85;53;22;40;24;85;PM25;SEDANG
202408;8;25;DKI4;75;80;53;21;40;19;80;PM25;SEDANG
202408;8;26;DKI4;72;76;53;22;40;21;76;PM25;SEDANG
202408;8;27;DKI4;71;84;54;26;43;29;84;PM25;SEDANG
202408;8;28;DKI4;70;79;53;20;52;22;79;PM25;SEDANG
202408;8;29;DKI4;187;123;54;23;48;33;187;PM10;TIDAK SEHAT
202408;8;30;DKI4;71;82;53;23;43;26;82;PM25;SEDANG
202408;8;31;DKI4;133;135;53;19;38;21;135;PM25;TIDAK SEHAT
202408;8;1;DKI5;57;107;32;20;55;15;107;PM25;TIDAK SEHAT
202408;8;2;DKI5;54;90;32;21;53;16;90;PM25;SEDANG
202408;8;3;DKI5;36;70;32;21;48;18;70;PM25;SEDANG
202408;8;4;DKI5;51;82;31;26;48;20;82;PM25;SEDANG
202408;8;5;DKI5;51;84;33;19;47;15;84;PM25;SEDANG
202408;8;6;DKI5;45;81;36;19;43;17;81;PM25;SEDANG
202408;8;7;DKI5;53;101;33;20;44;18;101;PM25;TIDAK SEHAT
202408;8;8;DKI5;64;118;35;24;32;24;118;PM25;TIDAK SEHAT
202408;8;9;DKI5;52;97;35;20;39;15;97;PM25;SEDANG
202408;8;10;DKI5;43;89;35;18;43;15;89;PM25;SEDANG
202408;8;11;DKI5;43;85;32;17;51;10;85;PM25;SEDANG
202408;8;12;DKI5;36;86;33;18;42;11;86;PM25;SEDANG
202408;8;13;DKI5;59;110;36;23;32;23;110;PM25;TIDAK SEHAT
202408;8;14;DKI5;58;109;36;22;40;21;109;PM25;TIDAK SEHAT
202408;8;15;DKI5;48;100;35;21;50;18;100;PM25;SEDANG
202408;8;16;DKI5;55;103;35;22;45;19;103;PM25;TIDAK SEHAT
202408;8;17;DKI5;51;107;37;22;51;21;107;PM25;TIDAK SEHAT
202408;8;18;DKI5;55;107;34;21;50;16;107;PM25;TIDAK SEHAT
202408;8;19;DKI5;46;94;33;19;57;15;94;PM25;SEDANG
202408;8;20;DKI5;62;115;33;22;52;18;115;PM25;TIDAK SEHAT
202408;8;21;DKI5;64;118;35;21;54;18;118;PM25;TIDAK SEHAT
202408;8;22;DKI5;47;87;39;18;48;15;87;PM25;SEDANG
202408;8;23;DKI5;46;79;33;17;67;12;79;PM25;SEDANG
202408;8;24;DKI5;54;101;35;19;47;16;101;PM25;TIDAK SEHAT
202408;8;25;DKI5;52;93;34;18;50;11;93;PM25;SEDANG
202408;8;26;DKI5;54;102;35;21;40;17;102;PM25;TIDAK SEHAT
202408;8;27;DKI5;65;116;36;22;58;18;116;PM25;TIDAK SEHAT
202408;8;28;DKI5;50;87;36;20;46;17;87;PM25;SEDANG
202408;8;29;DKI5;59;107;37;20;62;16;107;PM25;TIDAK SEHAT
202408;8;30;DKI5;65;127;36;23;47;21;127;PM25;TIDAK SEHAT
202408;8;31;DKI5;42;80;35;18;41;13;80;PM25;SEDANG
202409;9;18;DKI2;59;84;59;11;32;25;84;PM25;SEDANG
202409;9;19;DKI2;72;89;59;11;33;35;89;PM25;SEDANG
202409;9;20;DKI2;67;87;59;8;34;25;87;PM25;SEDANG
202409;9;21;DKI2;68;89;59;6;33;21;89;PM25;SEDANG
202409;9;22;DKI2;74;97;59;5;34;14;97;PM25;SEDANG
202409;9;23;DKI2;67;85;60;9;24;17;85;PM25;SEDANG
202409;9;24;DKI2;60;74;59;9;21;16;74;PM25;SEDANG
202409;9;25;DKI2;66;91;59;22;23;57;91;PM25;SEDANG
202409;9;26;DKI2;57;75;59;15;21;42;75;PM25;SEDANG
202409;9;27;DKI2;63;79;60;15;20;43;79;PM25;SEDANG
202409;9;28;DKI2;58;74;59;9;22;15;74;PM25;SEDANG
202409;9;29;DKI2;61;80;58;12;24;21;80;PM25;SEDANG
202409;9;30;DKI2;52;67;59;11;22;21;67;PM25;SEDANG
202409;9;1;DKI3;54;79;61;9;33;45;79;PM25;SEDANG
202409;9;2;DKI3;57;84;61;8;32;46;84;PM25;SEDANG
202409;9;3;DKI3;51;72;60;8;29;42;72;PM25;SEDANG
202409;9;4;DKI3;46;71;61;7;31;38;71;PM25;SEDANG
202409;9;5;DKI3;51;66;61;7;23;41;66;PM25;SEDANG
202409;9;6;DKI3;48;70;61;8;27;39;70;PM25;SEDANG
202409;9;7;DKI3;56;74;61;7;26;38;74;PM25;SEDANG
202409;9;8;DKI3;48;70;61;6;23;34;70;PM25;SEDANG
202409;9;9;DKI3;44;61;61;6;24;34;61;PM25;SEDANG
202409;9;10;DKI3;53;65;60;14;17;71;71;N/A;SEDANG
202409;9;11;DKI3;34;N/A;60;8;20;44;60;SO2;SEDANG
202409;9;12;DKI3;55;80;61;11;28;52;80;PM25;SEDANG
202409;9;13;DKI3;51;68;60;10;26;51;68;PM25;SEDANG
202409;9;17;DKI2;65;87;59;11;35;22;87;PM25;SEDANG
202409;9;14;DKI3;53;70;60;8;32;47;70;PM25;SEDANG
202409;9;15;DKI3;51;74;61;8;33;44;74;PM25;SEDANG
202409;9;16;DKI3;59;84;61;9;28;44;84;PM25;SEDANG
202410;10;15;DKI4;60;61;52;22;44;24;61;PM25;SEDANG
202410;10;16;DKI4;65;63;53;25;47;26;65;PM10;SEDANG
202410;10;17;DKI4;54;57;53;20;51;27;57;PM25;SEDANG
202410;10;18;DKI4;50;55;53;20;56;31;56;O3;SEDANG
202410;10;19;DKI4;68;70;53;24;49;28;70;PM25;SEDANG
202410;10;20;DKI4;64;80;54;28;42;34;80;PM25;SEDANG
202410;10;21;DKI4;51;62;54;21;34;19;62;PM25;SEDANG
202410;10;22;DKI4;72;73;53;28;37;36;73;PM25;SEDANG
202410;10;23;DKI4;57;59;54;19;51;24;59;PM25;SEDANG
202410;10;24;DKI4;51;56;54;19;40;25;56;PM25;SEDANG
202410;10;25;DKI4;53;55;53;19;45;22;55;PM25;SEDANG
202410;10;26;DKI4;52;53;53;19;42;22;53;PM25;SEDANG
202410;10;27;DKI4;52;57;55;18;52;22;57;PM25;SEDANG
202410;10;28;DKI4;60;66;54;23;44;26;66;PM25;SEDANG
202410;10;29;DKI4;66;64;54;21;44;24;66;PM10;SEDANG
202410;10;30;DKI4;64;63;54;21;45;30;64;PM10;SEDANG
202410;10;31;DKI4;62;59;53;24;41;27;62;PM10;SEDANG
202410;10;1;DKI5;33;103;37;22;51;17;103;PM25;TIDAK SEHAT
202410;10;2;DKI5;25;90;37;20;54;16;90;PM25;SEDANG
202410;10;3;DKI5;25;95;38;22;49;17;95;PM25;SEDANG
202410;10;4;DKI5;30;94;38;22;46;16;94;PM25;SEDANG
202410;10;5;DKI5;22;80;37;21;44;18;80;PM25;SEDANG
202410;10;6;DKI5;19;76;36;21;49;15;76;PM25;SEDANG
202410;10;7;DKI5;35;121;38;27;46;19;121;PM25;TIDAK SEHAT
202410;10;8;DKI5;25;84;39;21;39;17;84;PM25;SEDANG
202410;10;9;DKI5;24;82;37;20;52;13;82;PM25;SEDANG
202410;10;10;DKI5;32;92;38;20;52;14;92;PM25;SEDANG
202410;10;11;DKI5;20;102;39;23;44;20;102;PM25;TIDAK SEHAT
202410;10;12;DKI5;21;92;39;20;48;16;92;PM25;SEDANG
202410;10;13;DKI5;N/A;111;41;21;51;14;111;PM25;TIDAK SEHAT
202410;10;14;DKI5;68;113;38;22;48;17;113;PM25;TIDAK SEHAT
202410;10;15;DKI5;34;84;39;19;61;12;84;PM25;SEDANG
202410;10;16;DKI5;32;111;40;22;59;18;111;PM25;TIDAK SEHAT
202410;10;17;DKI5;53;75;39;20;43;16;75;PM25;SEDANG
202410;10;18;DKI5;47;73;38;19;49;12;73;PM25;SEDANG
202410;10;19;DKI5;61;93;42;21;51;15;93;PM25;SEDANG
202410;10;20;DKI5;55;84;40;18;33;11;84;PM25;SEDANG
202410;10;21;DKI5;38;81;39;19;36;11;81;PM25;SEDANG
202410;10;22;DKI5;54;92;40;21;43;17;92;PM25;SEDANG
202410;10;23;DKI5;52;87;42;19;59;13;87;PM25;SEDANG
202410;10;24;DKI5;43;79;40;17;55;11;79;PM25;SEDANG
202410;10;25;DKI5;50;82;39;20;59;17;82;PM25;SEDANG
202410;10;26;DKI5;50;78;39;21;44;16;78;PM25;SEDANG
202410;10;27;DKI5;48;75;45;17;42;10;75;PM25;SEDANG
202410;10;28;DKI5;42;79;40;18;52;10;79;PM25;SEDANG
202410;10;29;DKI5;51;83;40;19;48;16;83;PM25;SEDANG
202410;10;30;DKI5;56;99;40;20;58;14;99;PM25;SEDANG
202410;10;31;DKI5;55;89;41;20;52;15;89;PM25;SEDANG
202410;10;10;DKI1;60;86;14;27;26;43;86;PM25;SEDANG
202410;10;11;DKI1;60;83;15;28;18;47;83;PM25;SEDANG
202410;10;12;DKI1;58;77;16;24;22;34;77;PM25;SEDANG
202410;10;13;DKI1;63;92;11;27;26;33;92;PM25;SEDANG
202410;10;14;DKI1;61;86;12;26;31;37;86;PM25;SEDANG
202410;10;15;DKI1;53;71;13;24;35;40;71;PM25;SEDANG
202410;10;16;DKI1;69;94;15;30;33;48;94;PM25;SEDANG
202410;10;17;DKI1;59;70;14;26;32;44;70;PM25;SEDANG
202410;10;18;DKI1;55;73;13;25;36;40;73;PM25;SEDANG
202410;10;19;DKI1;65;82;14;26;39;37;82;PM25;SEDANG
202410;10;20;DKI1;61;82;14;36;20;34;82;PM25;SEDANG
202410;10;21;DKI1;51;82;12;23;28;32;82;PM25;SEDANG
202410;10;22;DKI1;64;94;14;28;32;51;94;PM25;SEDANG
202410;10;23;DKI1;57;84;12;24;40;38;84;PM25;SEDANG
202410;10;24;DKI1;52;78;10;23;34;35;78;PM25;SEDANG
202410;10;25;DKI1;52;73;9;26;40;45;73;PM25;SEDANG
202410;10;26;DKI1;57;76;8;26;29;40;76;PM25;SEDANG
202410;10;27;DKI1;54;78;19;23;34;31;78;PM25;SEDANG
202410;10;28;DKI1;60;83;10;26;37;36;83;PM25;SEDANG
202410;10;29;DKI1;59;75;11;28;29;41;75;PM25;SEDANG
202410;10;30;DKI1;62;86;11;27;36;44;86;PM25;SEDANG
202410;10;31;DKI1;59;78;11;28;29;45;78;PM25;SEDANG
202410;10;1;DKI2;63;85;59;12;28;22;85;PM25;SEDANG
202410;10;2;DKI2;67;89;59;12;30;26;89;PM25;SEDANG
202410;10;3;DKI2;69;96;59;12;25;26;96;PM25;SEDANG
202410;10;4;DKI2;63;82;59;10;29;18;82;PM25;SEDANG
202410;10;5;DKI2;62;82;59;15;23;38;82;PM25;SEDANG
202410;10;6;DKI2;56;75;59;13;28;23;75;PM25;SEDANG
202410;10;7;DKI2;77;107;60;16;25;35;107;PM25;TIDAK SEHAT
202410;10;8;DKI2;63;84;60;12;25;23;84;PM25;SEDANG
202410;10;9;DKI2;62;77;59;10;30;15;77;PM25;SEDANG
202410;10;10;DKI2;69;88;59;11;30;22;88;PM25;SEDANG
202410;10;11;DKI2;62;77;59;9;28;16;77;PM25;SEDANG
202410;10;12;DKI2;65;82;60;10;24;19;82;PM25;SEDANG
202410;10;13;DKI2;62;82;58;12;24;18;82;PM25;SEDANG
202410;10;14;DKI2;65;82;59;13;26;26;82;PM25;SEDANG
202410;10;15;DKI2;60;81;59;13;36;25;81;PM25;SEDANG
202410;10;16;DKI2;78;100;60;16;33;36;100;PM25;SEDANG
202410;10;17;DKI2;60;77;59;14;32;33;77;PM25;SEDANG
202410;10;18;DKI2;61;80;59;12;40;23;80;PM25;SEDANG
202410;10;19;DKI2;78;102;59;13;34;26;102;PM25;TIDAK SEHAT
202410;10;20;DKI2;59;71;59;12;23;21;71;PM25;SEDANG
202410;10;21;DKI2;51;70;59;12;27;22;70;PM25;SEDANG
202410;10;22;DKI2;85;106;60;14;34;32;106;PM25;TIDAK SEHAT
202410;10;23;DKI2;68;90;59;11;38;17;90;PM25;SEDANG
202410;10;24;DKI2;60;74;59;9;29;18;74;PM25;SEDANG
202410;10;25;DKI2;52;69;59;9;31;18;69;PM25;SEDANG
202410;10;26;DKI2;59;75;59;13;31;29;75;PM25;SEDANG
202410;10;27;DKI2;58;77;61;11;32;19;77;PM25;SEDANG
202410;10;28;DKI2;64;90;60;13;30;22;90;PM25;SEDANG
202410;10;29;DKI2;65;86;60;14;31;29;86;PM25;SEDANG
202410;10;30;DKI2;66;87;59;12;34;22;87;PM25;SEDANG
202410;10;31;DKI2;65;80;59;13;28;26;80;PM25;SEDANG
202410;10;1;DKI3;62;91;62;13;25;61;91;PM25;SEDANG
202410;10;2;DKI3;52;84;62;10;29;53;84;PM25;SEDANG
202410;10;3;DKI3;49;81;63;11;23;56;81;PM25;SEDANG
202410;10;4;DKI3;50;75;63;10;25;52;75;PM25;SEDANG
202410;10;5;DKI3;39;69;62;10;27;48;69;PM25;SEDANG
202410;10;6;DKI3;39;67;62;9;28;41;67;PM25;SEDANG
202410;10;7;DKI3;78;115;63;19;23;70;115;PM25;TIDAK SEHAT
202410;10;8;DKI3;46;72;63;8;28;47;72;PM25;SEDANG
202410;10;9;DKI3;53;78;62;9;29;43;78;PM25;SEDANG
202410;10;10;DKI3;45;73;62;8;30;46;73;PM25;SEDANG
202410;10;11;DKI3;52;79;63;15;27;68;79;PM25;SEDANG
202410;10;12;DKI3;54;83;64;12;26;59;83;PM25;SEDANG
202410;10;13;DKI3;58;86;63;12;27;52;86;PM25;SEDANG
202410;10;14;DKI3;77;108;63;17;29;63;108;PM25;TIDAK SEHAT
202410;10;15;DKI3;50;72;63;9;33;44;72;PM25;SEDANG
202410;10;16;DKI3;61;84;63;14;31;59;84;PM25;SEDANG
202410;10;17;DKI3;37;64;64;8;36;45;64;PM25;SEDANG
202410;10;18;DKI3;36;67;63;8;39;42;67;PM25;SEDANG
202410;10;19;DKI3;60;94;64;12;36;63;94;PM25;SEDANG
202410;10;20;DKI3;53;75;65;9;22;59;75;PM25;SEDANG
202410;10;21;DKI3;33;69;63;7;28;35;69;PM25;SEDANG
202410;10;22;DKI3;49;73;64;9;27;50;73;PM25;SEDANG
202410;10;23;DKI3;43;72;64;7;36;46;72;PM25;SEDANG
202410;10;24;DKI3;26;60;64;6;29;42;64;SO2;SEDANG
202410;10;25;DKI3;53;69;64;9;25;58;69;PM25;SEDANG
202410;10;26;DKI3;46;61;63;9;23;54;63;SO2;SEDANG
202410;10;27;DKI3;44;72;66;8;29;52;72;PM25;SEDANG
202410;10;28;DKI3;58;87;64;10;28;52;87;PM25;SEDANG
202410;10;29;DKI3;45;11;64;10;28;54;64;SO2;SEDANG
202410;10;30;DKI3;53;11;64;9;34;53;64;SO2;SEDANG
202410;10;31;DKI3;51;11;24;26;31;41;51;PM10;SEDANG
202410;10;1;DKI4;100;102;54;25;37;25;102;PM25;TIDAK SEHAT
202410;10;2;DKI4;67;N/A;54;22;40;22;67;PM10;SEDANG
202410;10;3;DKI4;65;74;54;25;33;27;74;PM25;SEDANG
202410;10;4;DKI4;64;67;54;21;35;22;67;PM25;SEDANG
202410;10;5;DKI4;58;62;54;24;33;27;62;PM25;SEDANG
202410;10;6;DKI4;50;56;54;21;36;19;56;PM25;SEDANG
202410;10;7;DKI4;75;76;54;30;28;29;76;PM25;SEDANG
202410;10;8;DKI4;59;62;49;20;33;23;62;PM25;SEDANG
202410;10;9;DKI4;61;60;53;19;37;18;61;PM10;SEDANG
202410;10;10;DKI4;58;62;53;20;41;20;62;PM25;SEDANG
202410;10;11;DKI4;64;66;53;23;34;26;66;PM25;SEDANG
202410;10;12;DKI4;58;64;54;21;33;25;64;PM25;SEDANG
202410;10;13;DKI4;59;60;53;21;36;20;60;PM25;SEDANG
202410;10;14;DKI4;78;76;53;29;43;30;78;PM10;SEDANG
