tanggal,pm10,pm25,so2,co,o3,no2,Tavg_km,RH_avg_km,RR_km,ss_km,ff_avg_km,DDD_CAR_km,Tavg_tp,RH_avg_tp,RR_tp,ss_tp,ff_avg_tp,DDD_CAR_tp
2023-01-01,44.0,55.0,47.0,10.0,24.0,9.0,26.3,87.0,14.5,0.0,1.0,1.0,25.9,93.0,38.0,1.3,2.0,1.0
2023-01-02,32.0,43.0,52.0,9.0,24.0,8.0,27.5,81.0,31.5,0.7,2.0,9.0,27.2,88.0,134.4,0.1,3.0,8.0
2023-01-03,31.0,35.0,49.0,9.0,12.0,7.0,26.6,82.0,0.5,0.0,1.0,1.0,26.7,83.0,0.7,1.1,2.0,8.0
2023-01-04,30.0,47.0,53.0,11.0,15.0,9.0,26.4,86.0,2.4,2.1,1.0,1.0,27.0,88.0,3.2,0.1,2.0,8.0
2023-01-05,38.0,50.0,50.0,13.0,26.0,11.0,27.4,83.0,35.3,4.9,2.0,1.0,27.5,84.0,31.3,3.5,3.0,8.0
2023-01-06,31.0,48.0,45.0,10.0,13.0,7.0,29.6,68.0,2.3,2.2,1.0,1.0,29.2,76.0,1.5,2.9,4.0,8.0
2023-01-07,25.0,42.0,44.0,10.0,9.0,5.0,29.6,70.0,0.0,6.2,2.0,1.0,29.2,77.0,1.5,6.4,3.0,8.0
2023-01-08,28.0,49.0,47.0,11.0,9.0,4.0,28.1,76.0,0.0,8.0,2.0,1.0,27.5,82.0,0.0,9.2,4.0,8.0
2023-01-09,25.0,39.0,48.0,10.0,12.0,5.0,29.0,73.0,11.6,3.8,3.0,9.0,28.9,80.0,3.8,5.3,3.0,8.0
2023-01-10,37.0,44.0,45.0,11.0,21.0,8.0,30.1,65.0,0.1,5.0,1.0,1.0,29.6,74.0,0.0,8.4,3.0,8.0
2023-01-11,42.0,65.0,47.0,13.0,25.0,10.0,28.8,73.0,0.0,5.0,1.0,1.0,28.3,77.0,0.1,4.8,1.0,1.0
2023-01-12,53.0,69.0,49.0,12.0,28.0,13.0,29.1,71.0,6.2,0.0,0.0,1.0,28.9,74.0,0.0,0.0,1.0,1.0
2023-01-13,57.0,78.0,47.0,11.0,26.0,18.0,29.2,74.0,1.6,8.3,1.0,1.0,29.4,76.0,0.0,8.9,1.0,1.0
2023-01-14,51.0,70.0,45.0,11.0,31.0,14.0,29.2,72.0,1.6,4.5,1.0,1.0,29.3,76.0,0.0,6.4,2.0,1.0
2023-01-15,46.0,57.0,44.0,11.0,24.0,7.0,29.8,69.0,0.0,6.4,2.0,9.0,29.3,74.0,0.0,8.8,4.0,8.0
2023-01-16,34.0,40.0,42.0,11.0,11.0,6.0,28.9,70.0,0.0,6.5,1.0,1.0,29.0,75.0,0.0,7.1,3.0,8.0
2023-01-17,40.0,52.0,45.0,12.0,9.0,6.0,27.6,77.0,4.5,1.2,1.0,1.0,27.5,82.0,9.6,4.4,3.0,9.0
2023-01-18,55.0,71.0,55.0,12.0,10.0,11.0,27.7,78.0,0.0,0.0,1.0,1.0,27.8,83.0,4.6,0.1,2.0,9.0
2023-01-19,53.0,63.0,53.0,11.0,9.0,10.0,27.5,81.0,3.0,1.0,2.0,8.0,27.5,85.0,4.5,1.8,3.0,9.0
2023-01-20,42.0,57.0,51.0,10.0,12.0,9.0,28.6,72.0,0.5,2.4,1.0,1.0,28.4,79.0,0.2,2.6,2.0,1.0
2023-01-21,42.0,59.0,46.6,9.0,10.0,20.0,28.6,74.0,2.3,3.0,2.0,1.0,28.2,79.0,0.9,7.9,3.0,8.0
2023-01-22,37.0,46.0,45.8,7.0,11.0,17.0,29.2,71.0,0.0,5.0,2.0,8.0,28.9,80.0,0.0,8.5,4.0,8.0
2023-01-23,21.0,32.0,50.8,6.0,13.0,12.0,28.6,70.0,0.0,6.0,2.0,8.0,28.3,78.0,0.0,5.8,5.0,8.0
2023-01-24,29.0,39.0,49.8,7.0,10.0,20.0,29.1,71.0,1.1,3.2,2.0,1.0,28.8,77.0,1.0,4.6,5.0,8.0
2023-01-25,30.0,50.0,56.0,6.0,10.0,16.0,27.2,78.0,20.6,5.5,1.0,1.0,27.0,82.0,0.8,7.5,4.0,8.0
2023-01-26,41.0,45.0,45.0,8.0,11.0,20.0,27.8,79.0,10.8,0.0,1.0,1.0,28.3,81.0,8.7,0.0,3.0,8.0
2023-01-27,47.0,56.0,44.0,11.0,21.0,25.0,27.6,80.0,27.5,2.4,1.0,1.0,27.5,85.0,4.8,4.0,2.0,8.0
2023-01-28,33.0,45.0,41.0,8.0,14.0,27.0,25.6,94.0,26.9,0.0,0.0,1.0,25.8,92.0,30.5,2.6,2.0,8.0
2023-01-29,50.0,60.0,43.0,10.0,20.0,26.0,26.7,86.0,27.0,0.0,1.0,1.0,27.3,86.0,12.1,0.0,3.0,9.0
2023-01-30,37.0,56.0,44.0,9.0,21.0,27.0,28.0,76.0,13.2,0.0,1.0,1.0,28.2,80.0,8.8,0.8,2.0,9.0
2023-01-31,50.0,65.0,55.0,9.0,16.0,30.0,27.8,80.0,6.9,3.0,1.0,1.0,28.1,81.0,0.0,4.4,3.0,9.0
2023-02-01,46.0,57.0,51.0,9.0,23.0,32.0,27.0,85.0,0.5,0.0,1.0,1.0,27.5,88.0,0.4,0.2,1.0,1.0
2023-02-02,49.0,61.0,43.0,9.0,26.0,29.0,27.2,88.0,31.8,0.2,2.0,1.0,28.0,86.0,82.5,1.4,2.0,1.0
2023-02-03,28.0,42.0,50.0,5.0,21.0,24.0,26.7,80.0,25.2,0.2,1.0,1.0,26.5,86.0,16.1,0.6,1.0,1.0
2023-02-04,55.0,71.0,53.0,8.0,25.0,27.0,27.7,83.0,16.7,0.1,2.0,8.0,28.2,82.0,0.2,0.0,3.0,9.0
2023-02-05,45.0,59.0,45.0,6.0,27.0,17.0,28.4,77.0,10.0,1.2,2.0,1.0,29.0,75.0,0.0,3.5,4.0,8.0
2023-02-06,34.0,51.0,52.0,6.0,15.0,12.0,29.2,67.0,1.2,5.5,2.0,1.0,29.3,72.0,0.3,7.9,4.0,8.0
2023-02-07,41.0,52.0,50.0,7.0,14.0,22.0,27.8,78.0,0.0,3.0,1.0,1.0,28.1,80.0,0.0,5.6,2.0,9.0
2023-02-08,30.0,38.0,40.0,8.0,31.0,24.0,27.1,87.0,62.8,2.0,1.0,1.0,27.5,87.0,30.8,0.9,2.0,8.0
2023-02-09,31.0,43.0,38.0,6.0,11.0,17.0,27.4,73.0,1.0,2.2,1.0,1.0,27.0,79.0,0.3,2.1,4.0,8.0
2023-02-10,25.0,30.0,37.0,6.0,19.0,15.0,27.9,77.0,9.6,1.5,2.0,1.0,28.3,79.0,10.0,3.0,2.0,8.0
2023-02-11,34.0,34.0,35.0,8.0,21.0,19.0,27.5,85.0,25.8,6.3,1.0,1.0,27.9,85.0,4.9,7.5,3.0,8.0
2023-02-12,20.0,16.0,34.0,5.0,23.0,16.0,25.0,92.0,40.8,1.5,2.0,8.0,25.2,92.0,34.0,2.2,3.0,8.0
2023-02-13,28.0,26.0,34.0,5.0,23.0,13.0,27.6,78.0,1.8,0.0,1.0,1.0,28.2,79.0,2.0,0.0,3.0,8.0
2023-02-14,23.0,18.0,34.0,5.0,23.0,11.0,27.3,79.0,5.4,0.9,2.0,9.0,27.3,81.0,0.1,1.2,4.0,8.0
2023-02-15,21.0,21.0,34.0,6.0,17.0,11.0,28.1,74.0,10.5,0.9,1.0,1.0,28.7,76.0,0.0,2.4,4.0,8.0
2023-02-16,29.0,30.0,35.0,6.0,20.0,15.0,27.1,82.0,9.5,1.8,1.0,1.0,27.3,84.0,1.0,3.6,3.0,8.0
2023-02-17,33.0,43.0,39.0,7.0,18.0,21.0,27.0,81.0,31.0,1.8,1.0,1.0,26.9,83.0,16.3,2.7,2.0,1.0
2023-02-18,54.0,70.0,43.0,11.0,22.0,26.0,27.6,83.0,2.5,0.2,2.0,1.0,27.7,85.0,0.4,2.1,2.0,1.0
2023-02-19,56.0,73.0,39.0,8.0,27.0,25.0,27.5,82.0,3.8,5.2,1.0,1.0,27.9,86.0,2.5,7.3,3.0,8.0
2023-02-20,38.0,50.0,39.0,7.0,23.0,14.0,27.5,83.0,0.5,4.3,1.0,1.0,27.9,82.0,0.2,7.8,4.0,8.0
2023-02-21,24.0,32.0,39.0,8.0,21.0,16.0,28.0,77.0,10.0,6.5,1.0,1.0,27.7,82.0,2.3,6.6,3.0,8.0
2023-02-22,29.0,31.0,40.0,8.0,23.0,19.0,27.3,84.0,29.7,3.0,1.0,1.0,27.8,82.0,13.0,5.8,2.0,8.0
2023-02-23,36.0,47.0,40.0,11.6,23.0,23.0,26.9,87.0,21.5,3.2,1.0,1.0,27.3,85.0,85.1,5.0,3.0,9.0
2023-02-24,28.0,33.0,44.0,10.0,22.0,28.0,25.8,94.0,76.9,3.6,1.0,1.0,26.0,93.0,60.5,3.1,2.0,1.0
2023-02-25,36.0,45.0,44.0,9.0,27.0,29.0,27.0,86.0,74.1,0.0,2.0,8.0,27.5,86.0,54.7,0.0,4.0,9.0
2023-02-26,34.0,44.0,44.0,10.0,26.0,23.0,26.7,88.0,36.7,0.4,1.0,1.0,27.1,88.0,17.3,0.7,4.0,9.0
2023-02-27,32.0,32.0,43.0,10.0,30.0,24.0,27.1,84.0,38.9,0.5,1.0,1.0,27.8,85.0,46.5,0.4,4.0,9.0
2023-02-28,43.0,54.0,52.0,10.0,19.0,32.0,27.0,84.0,20.3,1.5,1.0,1.0,26.9,88.0,15.0,1.1,3.0,8.0
2023-03-01,38.0,44.0,50.0,8.0,19.0,27.0,26.7,88.0,12.7,1.0,1.0,1.0,26.7,89.0,11.0,5.3,2.0,8.0
2023-03-02,29.0,33.0,47.0,11.0,21.0,27.0,25.1,92.0,79.5,0.5,0.0,1.0,25.1,94.0,59.4,2.4,2.0,8.0
2023-03-03,38.0,46.0,49.0,9.0,16.0,25.0,27.0,84.0,3.8,0.0,1.0,1.0,27.4,85.0,10.8,0.0,1.0,1.0
2023-03-04,31.0,40.0,50.0,8.4,18.0,21.0,26.8,81.0,42.5,2.2,1.0,1.0,27.0,84.0,11.7,5.5,3.0,8.0
2023-03-05,33.0,41.0,47.0,11.0,21.0,22.0,26.6,87.0,2.2,2.0,0.0,1.0,27.2,85.0,0.6,1.4,3.0,8.0
2023-03-06,31.0,44.0,46.0,9.0,20.0,19.0,28.3,71.0,2.3,2.4,2.0,1.0,28.5,77.0,1.5,4.7,4.0,8.0
2023-03-07,37.0,54.0,50.0,11.0,17.0,19.0,27.7,76.0,0.0,5.2,1.0,1.0,28.1,81.0,22.4,7.4,2.0,1.0
2023-03-08,42.0,54.0,51.0,12.0,17.0,23.0,26.5,88.0,4.0,8.0,1.0,1.0,26.8,90.0,40.0,9.1,2.0,1.0
2023-03-09,47.0,58.0,46.0,13.0,22.0,33.0,27.1,83.0,9.5,0.5,1.0,1.0,27.0,87.0,15.6,2.2,1.0,1.0
2023-03-10,45.0,61.0,46.0,12.0,14.0,28.0,27.8,81.0,10.0,6.1,1.0,1.0,28.3,85.0,6.5,7.6,2.0,1.0
2023-03-11,44.0,62.0,45.0,12.0,18.0,35.0,28.5,77.0,0.0,8.4,1.0,1.0,28.4,84.0,8.5,9.2,1.0,1.0
2023-03-12,61.0,83.0,47.0,13.0,17.0,39.0,28.4,80.0,0.0,8.0,1.0,1.0,28.7,84.0,0.0,8.2,2.0,1.0
2023-03-13,53.0,72.0,48.0,12.0,21.0,33.0,28.4,72.0,0.7,2.6,2.0,1.0,28.5,80.0,10.1,4.3,2.0,1.0
2023-03-14,51.0,61.0,47.0,12.0,15.0,30.0,27.2,82.0,22.1,7.6,1.0,1.0,27.1,87.0,16.2,3.2,3.0,2.0
2023-03-15,29.0,42.0,43.0,11.0,23.0,31.0,25.5,90.0,11.0,0.0,1.0,1.0,24.8,96.0,36.4,0.0,0.0,1.0
2023-03-16,64.0,84.0,46.0,15.0,21.0,44.0,27.4,82.0,2.4,0.0,1.0,1.0,27.6,86.0,18.5,0.0,1.0,1.0
2023-03-17,49.0,59.0,44.0,11.0,21.0,28.0,28.6,75.0,1.0,8.0,2.0,1.0,28.7,82.0,0.0,9.6,1.0,1.0
2023-03-18,44.0,60.0,45.0,12.0,20.0,34.0,28.3,78.0,3.7,9.1,1.0,1.0,28.6,78.0,0.0,9.5,2.0,1.0
2023-03-19,53.0,67.0,46.0,12.0,24.0,29.0,28.7,81.0,0.0,8.0,2.0,1.0,28.9,84.0,0.0,8.8,1.0,1.0
2023-03-20,54.0,76.0,47.0,13.0,28.0,33.0,28.7,75.0,0.0,6.0,1.0,1.0,29.1,82.0,5.8,7.1,2.0,1.0
2023-03-21,54.0,71.0,47.0,14.0,20.0,45.0,29.2,69.0,0.0,7.6,0.0,1.0,28.9,80.0,0.4,7.8,1.0,1.0
2023-03-22,60.8,88.6,28.6,20.4,27.4,33.4,29.1,76.0,0.5,7.0,0.0,1.0,29.2,76.0,0.0,9.1,1.0,1.0
2023-03-23,60.0,88.8,37.2,14.2,27.4,31.6,29.3,76.0,0.1,6.7,1.0,1.0,29.7,80.0,7.0,8.1,2.0,1.0
2023-03-24,55.4,81.6,26.4,20.8,29.2,29.6,29.3,78.0,0.0,7.0,1.0,1.0,29.9,79.0,0.0,8.0,1.0,1.0
2023-03-25,53.0,69.0,46.0,11.0,29.0,25.0,27.9,83.0,4.7,5.0,1.0,1.0,28.6,84.0,0.0,7.7,3.0,1.0
2023-03-26,45.0,64.0,45.0,13.0,25.0,25.0,26.8,88.0,48.7,3.0,1.0,1.0,27.4,87.0,3.2,3.0,2.0,1.0
2023-03-27,35.0,52.0,45.0,13.0,27.0,25.0,27.4,84.0,44.6,6.5,1.0,1.0,27.8,83.0,1.7,6.7,1.0,1.0
2023-03-28,55.0,72.0,46.0,17.0,19.0,34.0,27.3,86.0,4.2,3.0,0.0,1.0,27.7,89.0,24.0,4.7,1.0,1.0
2023-03-29,56.0,74.0,46.0,16.0,21.0,33.0,27.5,79.0,13.7,0.0,1.0,1.0,27.7,84.0,48.4,0.0,1.0,1.0
2023-03-30,49.0,66.0,52.0,15.0,22.0,32.0,26.3,92.0,48.0,2.8,0.0,1.0,27.4,88.0,0.5,5.2,2.0,9.0
2023-03-31,45.0,57.0,49.0,13.0,22.0,29.0,28.8,70.0,3.2,4.0,2.0,1.0,28.5,82.0,14.4,5.9,4.0,8.0
2023-04-01,34.0,44.0,51.0,11.0,20.0,19.0,28.1,74.0,0.0,3.0,2.0,8.0,28.4,78.0,0.5,4.2,4.0,8.0
2023-04-02,29.0,46.0,49.0,12.0,24.0,17.0,28.8,76.0,1.2,0.3,1.0,1.0,28.4,83.0,0.2,1.8,2.0,9.0
2023-04-03,53.0,71.0,52.0,13.0,19.0,29.0,28.1,74.0,1.0,6.9,1.0,1.0,28.5,79.0,0.0,8.1,3.0,8.0
2023-04-04,46.0,61.0,51.0,13.0,12.0,24.0,28.7,72.0,18.4,6.7,1.0,1.0,28.7,78.0,0.5,7.4,3.0,8.0
2023-04-05,44.0,68.0,51.0,14.0,22.0,29.0,29.0,69.0,0.0,3.2,1.0,1.0,28.8,83.0,10.8,3.7,2.0,1.0
2023-04-06,47.0,63.0,49.0,13.0,14.0,31.0,30.3,56.0,0.0,9.2,1.0,1.0,29.7,72.0,1.0,8.8,2.0,1.0
2023-04-07,43.0,65.0,52.0,12.0,21.0,23.0,28.7,69.0,0.0,5.6,1.0,1.0,29.2,74.0,0.0,4.8,2.0,1.0
2023-04-08,59.0,82.0,51.0,12.0,35.0,26.0,28.9,74.0,0.0,8.0,1.0,1.0,30.2,72.0,0.0,8.1,1.0,1.0
2023-04-09,57.0,79.0,52.0,13.0,23.0,27.0,29.5,74.0,1.0,7.6,2.0,9.0,29.0,80.0,0.0,9.1,3.0,8.0
2023-04-10,38.0,53.0,48.0,11.0,17.0,18.0,29.1,70.0,0.2,5.0,2.0,9.0,28.8,78.0,0.0,6.6,4.0,8.0
2023-04-11,27.0,51.0,47.0,12.0,14.0,17.0,28.9,75.0,3.0,2.9,3.0,8.0,28.9,78.0,2.0,5.6,6.0,8.0
2023-04-12,31.0,51.0,46.0,11.0,9.0,14.0,29.6,66.0,1.5,5.2,2.0,9.0,29.4,74.0,0.6,5.7,4.0,8.0
2023-04-13,27.0,49.0,45.0,10.0,11.0,14.0,29.4,73.0,0.0,5.5,1.0,1.0,29.6,74.0,0.4,6.9,3.0,8.0
2023-04-14,33.0,57.0,48.0,12.0,14.0,26.0,28.3,79.0,0.0,3.4,2.0,1.0,28.5,80.0,7.7,6.4,2.0,1.0
2023-04-15,65.0,94.0,52.0,12.0,27.0,53.0,28.3,81.0,66.6,5.8,1.0,1.0,29.3,80.0,17.0,7.7,2.0,1.0
2023-04-16,48.0,63.0,50.0,11.0,21.0,22.0,28.9,80.0,2.0,6.8,1.0,1.0,28.9,80.0,1.2,9.0,2.0,8.0
2023-04-17,42.0,58.0,48.0,11.0,18.0,24.0,29.3,76.0,12.0,5.5,1.0,1.0,29.2,80.0,13.0,5.4,2.0,2.0
2023-04-18,51.0,72.0,52.0,9.0,27.0,26.0,29.1,81.0,13.2,7.2,1.0,1.0,28.8,84.0,16.9,9.0,2.0,4.0
2023-04-19,51.0,75.0,50.0,9.0,33.0,27.0,29.7,79.0,1.2,4.8,1.0,1.0,29.3,81.0,0.0,2.8,2.0,1.0
2023-04-20,43.0,60.0,45.0,11.0,35.0,27.0,28.9,80.0,29.5,7.6,0.0,1.0,29.6,76.0,0.0,8.1,1.0,1.0
2023-04-21,49.0,71.0,46.0,9.0,36.0,23.0,29.2,81.0,5.8,3.7,1.0,1.0,29.4,80.0,0.5,6.9,2.0,3.0
2023-04-22,45.0,66.0,46.0,11.0,32.0,18.0,29.6,76.0,2.5,6.4,1.0,1.0,30.3,74.0,0.0,8.7,3.0,4.0
2023-04-23,45.0,64.0,50.0,8.0,38.0,12.0,29.8,76.0,0.1,7.0,1.0,1.0,30.0,78.0,0.0,8.7,2.0,1.0
2023-04-24,42.0,64.0,47.0,9.0,32.0,21.0,29.5,79.0,3.6,7.0,1.0,1.0,30.0,78.0,0.5,7.3,2.0,1.0
2023-04-25,33.0,48.0,45.0,9.0,25.0,19.0,28.5,81.0,9.7,7.5,0.0,1.0,29.2,76.0,14.5,9.0,2.0,1.0
2023-04-26,35.0,53.0,46.0,11.0,23.0,21.0,28.7,80.0,4.9,3.2,1.0,1.0,29.2,80.0,10.1,3.5,2.0,1.0
2023-04-27,50.0,68.0,45.0,11.0,30.0,31.0,29.6,79.0,1.3,7.4,1.0,1.0,29.9,78.0,0.0,7.8,2.0,3.0
2023-04-28,34.0,51.0,45.0,8.0,29.0,21.0,29.4,79.0,0.0,5.8,1.0,1.0,29.3,83.0,11.7,8.3,1.0,1.0
2023-04-29,52.0,81.0,46.0,13.0,36.0,31.0,28.6,83.0,0.0,4.7,1.0,1.0,29.3,80.0,0.2,8.6,1.0,1.0
2023-04-30,61.0,87.0,50.0,10.0,42.0,26.0,29.6,76.0,0.5,3.0,1.0,1.0,29.0,79.0,0.0,4.8,1.6,1.0
2023-05-01,49.0,69.0,47.0,9.0,34.0,21.0,28.8,80.0,0.0,4.8,0.0,1.0,29.1,82.0,7.9,6.7,1.0,1.0
2023-05-02,64.0,98.0,50.0,11.0,34.0,32.0,29.0,84.0,0.0,1.4,1.0,1.0,29.5,81.0,0.0,3.6,2.0,1.0
2023-05-03,52.0,68.0,50.0,9.0,32.0,29.0,29.8,79.0,0.5,3.0,1.0,1.0,30.2,80.0,4.8,0.9,2.0,1.0
2023-05-04,35.0,51.0,46.0,10.0,29.0,31.0,29.4,79.0,2.5,3.8,1.0,1.0,29.4,81.0,21.7,7.3,2.0,1.0
2023-05-05,45.0,63.0,46.0,12.0,38.0,35.0,29.2,80.0,4.7,6.6,1.0,1.0,29.8,79.0,1.5,8.6,2.0,5.0
2023-05-06,49.0,66.0,45.0,9.0,41.0,31.0,28.8,82.0,18.1,3.9,0.0,1.0,28.9,81.0,70.5,8.2,1.0,1.0
2023-05-07,54.0,80.0,49.0,12.0,33.0,34.0,28.5,83.0,17.1,3.4,1.0,1.0,28.7,82.0,8.2,3.7,1.0,1.0
2023-05-08,51.0,69.0,48.0,11.0,40.0,30.0,28.7,78.0,45.5,4.7,1.0,1.0,29.2,76.0,0.1,5.0,1.0,1.0
2023-05-09,48.0,71.0,50.0,11.0,25.0,34.0,30.4,75.0,1.1,3.0,1.0,1.0,30.7,76.0,0.0,6.3,2.0,1.0
2023-05-10,65.0,92.0,52.0,10.0,34.0,30.0,30.3,76.0,0.0,3.6,1.0,1.0,30.3,80.0,0.0,6.4,3.0,5.0
2023-05-11,61.0,84.0,53.0,10.0,33.0,25.0,29.2,80.0,0.0,6.2,1.0,1.0,29.4,78.0,0.0,6.1,5.0,4.0
2023-05-12,31.0,41.0,52.0,9.0,15.0,16.0,30.8,72.0,6.2,1.3,1.0,1.0,31.0,75.0,0.0,2.5,4.0,4.0
2023-05-13,39.0,63.0,52.0,10.0,28.0,24.0,29.0,82.0,29.9,7.0,1.0,1.0,29.8,81.0,0.0,9.2,2.0,1.0
2023-05-14,37.0,63.0,50.0,9.0,30.0,29.0,29.5,69.0,20.0,6.5,1.0,1.0,29.9,72.0,5.0,8.9,1.0,1.0
2023-05-15,46.0,71.0,51.0,12.0,21.0,32.0,28.7,72.0,0.0,6.0,1.0,1.0,29.3,74.0,0.0,8.3,1.0,1.0
2023-05-16,56.0,77.0,51.0,12.0,21.0,35.0,29.7,70.0,0.0,6.6,0.0,1.0,29.8,74.0,0.0,8.6,2.0,1.0
2023-05-17,61.0,81.0,52.0,11.0,18.0,32.0,29.6,71.0,0.0,7.5,1.0,1.0,29.7,73.0,0.0,8.9,3.0,5.0
2023-05-18,57.0,84.0,53.0,10.0,25.0,25.0,29.2,73.0,0.0,6.2,0.0,1.0,29.0,76.0,0.0,8.3,2.0,4.0
2023-05-19,60.0,91.0,52.0,12.0,24.0,34.0,29.6,74.0,0.0,0.0,1.0,1.0,30.1,74.0,0.2,0.0,2.0,5.0
2023-05-20,63.0,93.0,53.0,10.0,23.0,28.0,29.4,76.0,0.0,3.3,1.0,1.0,29.6,78.0,0.0,5.3,2.0,4.0
2023-05-21,66.0,99.0,52.0,10.0,27.0,27.0,29.6,79.0,0.7,2.5,1.0,1.0,29.8,78.0,0.0,4.8,2.0,1.0
2023-05-22,60.0,86.0,47.0,11.0,37.0,36.0,29.1,78.0,1.8,6.0,0.0,1.0,29.5,78.0,2.4,7.4,1.0,1.0
2023-05-23,68.0,96.0,51.0,10.0,21.0,35.0,29.3,75.0,1.8,5.3,1.0,1.0,29.6,78.0,0.5,7.2,2.0,1.0
2023-05-24,66.0,101.0,52.0,11.0,16.0,38.0,29.4,73.0,0.0,4.2,1.0,1.0,29.5,76.0,0.0,4.5,2.0,5.0
2023-05-25,64.0,93.0,52.0,14.0,25.0,32.0,29.4,72.0,0.4,2.0,1.0,1.0,29.6,79.0,0.0,6.0,2.0,1.0
2023-05-26,66.0,99.0,39.0,15.0,30.0,32.0,30.1,72.0,0.0,5.2,1.0,1.0,30.4,73.0,0.0,6.9,3.0,4.0
2023-05-27,67.0,98.0,41.0,11.0,32.0,26.0,29.5,76.0,0.5,4.4,1.0,1.0,29.6,78.0,0.0,7.8,2.0,3.0
2023-05-28,57.0,89.0,38.0,10.0,32.0,29.0,28.7,80.0,17.8,2.5,1.0,1.0,28.8,80.0,16.6,6.9,1.0,1.0
2023-05-29,65.0,98.0,38.0,11.0,26.0,30.0,29.9,75.0,5.0,2.5,1.0,1.0,29.9,78.0,0.0,5.5,2.0,1.0
2023-05-30,62.0,93.0,39.0,10.0,31.0,27.0,29.6,75.0,0.0,3.7,1.0,1.0,29.8,77.0,0.0,5.2,2.0,1.0
2023-05-31,60.0,89.0,37.0,10.0,31.0,36.0,29.8,73.0,0.0,4.0,0.0,1.0,30.0,73.0,0.0,4.2,2.0,1.0
2023-06-01,58.0,84.0,40.0,11.0,29.0,28.0,29.3,74.0,1.6,5.0,1.0,1.0,29.4,77.0,0.0,8.4,2.0,1.0
2023-06-02,62.0,91.0,41.0,10.0,31.0,19.0,29.9,73.0,5.9,6.5,1.0,1.0,30.1,72.0,0.0,6.7,3.0,1.0
2023-06-03,60.0,86.0,40.0,10.0,26.0,19.0,30.2,72.0,0.0,5.7,1.0,1.0,30.1,76.0,2.9,8.4,2.0,1.0
2023-06-04,59.0,89.0,37.0,10.0,25.0,22.0,29.5,75.0,0.0,6.2,1.0,1.0,29.6,78.0,0.0,7.2,2.0,1.0
2023-06-05,54.0,75.0,36.0,12.0,29.0,24.0,29.6,74.0,1.6,4.0,1.0,1.0,29.4,76.0,0.0,7.3,2.0,3.0
2023-06-06,59.0,76.0,35.0,12.0,21.0,27.0,27.8,82.0,0.3,4.4,0.0,1.0,28.2,82.0,3.0,7.7,1.0,1.0
2023-06-07,54.0,78.0,38.0,12.0,20.0,31.0,29.8,72.0,1.7,0.0,1.0,1.0,30.5,74.0,0.2,0.7,3.0,5.0
2023-06-08,54.0,81.0,44.0,11.0,21.0,22.0,29.9,75.0,0.0,4.0,1.0,1.0,30.0,74.0,0.0,7.9,3.0,4.0
2023-06-09,56.0,75.0,43.0,13.0,15.0,23.0,29.2,73.0,0.0,3.5,1.0,1.0,29.8,74.0,0.0,6.9,2.0,4.0
2023-06-10,48.0,74.0,38.0,11.0,31.0,25.0,29.5,75.0,0.0,5.2,1.0,1.0,29.6,77.0,0.0,9.0,2.0,1.0
2023-06-11,63.0,92.0,42.0,11.0,32.0,23.0,29.1,73.0,0.0,4.0,1.0,1.0,29.1,76.0,0.0,8.2,2.0,1.0
2023-06-12,60.0,89.0,38.0,12.0,23.0,24.0,30.1,72.0,0.0,5.6,1.0,1.0,30.1,74.0,0.0,9.0,3.0,4.0
2023-06-13,57.0,80.0,44.0,10.0,19.0,26.0,30.1,74.0,0.0,3.4,1.0,1.0,30.1,77.0,0.0,7.1,2.0,4.0
2023-06-14,56.0,81.0,39.0,11.0,24.0,26.0,29.7,75.0,5.5,2.5,0.0,1.0,30.0,77.0,0.0,7.7,2.0,1.0
2023-06-15,60.0,92.0,40.0,11.0,20.0,32.0,29.5,74.0,0.0,2.4,1.0,1.0,29.7,77.0,0.0,7.7,2.0,4.0
2023-06-16,56.0,75.0,36.0,11.0,28.0,25.0,26.2,94.0,0.0,2.0,0.0,1.0,26.5,91.0,3.7,4.6,1.0,1.0
2023-06-17,57.0,85.0,46.0,13.0,23.0,28.0,27.9,81.0,29.3,0.0,1.0,1.0,28.1,82.0,13.4,0.0,1.0,1.0
2023-06-18,58.0,87.0,44.0,10.0,21.0,27.0,28.7,80.0,0.0,1.5,1.0,1.0,28.8,83.0,11.9,2.1,2.0,1.0
2023-06-19,42.0,64.0,36.0,11.0,31.0,25.0,27.4,88.0,0.0,2.3,1.0,1.0,27.9,88.0,22.8,4.8,1.0,1.0
2023-06-20,56.0,75.0,41.0,14.0,25.0,28.0,28.6,78.0,26.9,0.2,1.0,1.0,28.7,81.0,17.3,2.9,3.0,5.0
2023-06-21,55.0,87.0,41.0,10.0,36.0,26.0,29.5,77.0,0.0,3.3,1.0,1.0,29.5,79.0,0.0,7.1,2.0,3.0
2023-06-22,63.0,98.0,37.0,13.0,33.0,35.0,29.2,78.0,2.5,3.9,1.0,1.0,29.6,80.0,7.9,7.3,2.0,1.0
2023-06-23,55.0,78.0,39.0,10.0,28.0,24.0,29.4,77.0,1.0,3.7,2.0,1.0,29.8,78.0,0.0,6.7,2.0,1.0
2023-06-24,51.0,74.0,37.0,10.0,34.0,29.0,28.6,79.0,0.0,3.6,1.0,1.0,28.7,84.0,3.5,7.2,1.0,1.0
2023-06-25,55.0,83.0,36.0,10.0,39.0,24.0,28.7,81.0,31.4,4.2,1.0,1.0,28.8,86.0,2.0,7.7,2.0,1.0
2023-06-26,54.0,77.0,37.0,12.0,33.0,29.0,28.5,75.0,3.5,2.6,1.0,1.0,28.5,83.0,1.5,6.2,1.0,1.0
2023-06-27,64.0,94.0,42.0,11.0,28.0,30.0,28.8,76.0,0.0,3.7,1.0,1.0,28.8,80.0,9.5,8.6,2.0,1.0
2023-06-28,43.0,67.0,38.0,11.0,25.0,25.0,29.1,68.0,0.0,4.0,1.0,1.0,28.8,74.0,0.0,7.9,2.0,1.0
2023-06-29,36.0,56.0,37.0,9.0,24.0,16.0,28.7,77.0,30.6,4.2,1.0,1.0,28.9,79.0,36.7,8.9,1.0,1.0
2023-06-30,38.0,65.0,36.0,10.0,28.0,18.0,29.1,76.0,0.0,3.5,2.0,1.0,29.2,76.0,2.9,8.2,2.0,1.0
2023-07-01,55.0,83.0,38.0,12.0,20.0,28.0,29.2,78.0,0.0,4.8,1.0,1.0,29.5,79.0,0.0,7.3,1.0,1.0
2023-07-02,55.0,83.0,37.0,11.0,26.0,27.0,29.3,75.0,0.0,2.7,1.0,1.0,29.4,79.0,0.0,5.2,1.0,1.0
2023-07-03,55.0,81.0,40.0,10.0,24.0,28.0,29.1,74.0,0.0,8.2,1.0,1.0,29.3,78.0,1.7,1.7,1.0,1.0
2023-07-04,53.0,76.0,38.0,12.0,25.0,31.0,28.7,74.0,0.0,3.5,0.0,1.0,29.2,76.0,0.0,5.1,3.0,2.0
2023-07-05,62.0,95.0,43.0,11.0,23.0,35.0,29.3,73.0,0.0,5.5,1.0,1.0,29.4,77.0,0.0,8.6,1.0,1.0
2023-07-06,66.0,101.0,39.0,11.0,22.0,35.0,27.8,82.0,1.6,6.0,0.0,1.0,27.9,84.0,0.0,8.2,1.0,1.0
2023-07-07,65.0,97.0,45.0,11.0,32.0,35.0,28.2,78.0,2.5,1.5,0.0,1.0,27.3,88.0,5.5,0.1,1.0,1.0
2023-07-08,54.0,69.0,38.0,11.0,21.0,29.0,28.1,80.0,1.2,1.2,1.0,1.0,28.2,81.0,4.3,1.7,2.0,2.0
2023-07-09,42.0,67.0,38.0,12.0,15.0,23.0,28.5,76.0,0.0,2.4,2.0,6.0,28.9,78.0,0.0,3.0,4.0,2.0
2023-07-10,42.0,62.0,40.0,10.0,17.0,17.0,29.3,73.0,0.0,4.5,1.0,1.0,29.3,79.0,0.0,6.5,4.0,2.0
2023-07-11,52.0,73.0,42.0,11.0,13.0,27.0,29.1,72.0,0.0,3.4,1.0,1.0,28.9,76.0,0.0,6.2,2.0,2.0
2023-07-12,57.0,89.0,40.0,12.0,25.0,32.0,29.1,76.0,0.1,6.6,1.0,1.0,29.2,79.0,1.5,8.7,1.0,1.0
2023-07-13,63.0,92.0,40.0,12.0,36.0,33.0,28.9,72.0,0.0,6.3,1.0,1.0,29.2,75.0,0.0,8.3,1.0,1.0
2023-07-14,59.0,90.0,39.0,12.0,36.0,35.0,29.0,72.0,1.6,4.5,1.0,1.0,29.4,74.0,0.0,5.5,2.0,3.0
2023-07-15,56.0,82.0,40.0,11.0,21.0,28.0,28.9,73.0,0.0,4.0,2.0,1.0,29.2,78.0,7.6,9.3,1.0,1.0
2023-07-16,55.0,82.0,41.0,11.0,21.0,25.0,28.9,74.0,0.0,5.0,1.0,1.0,29.1,77.0,0.0,6.3,2.0,2.0
2023-07-17,52.0,76.0,38.0,12.0,24.0,22.0,29.3,68.0,0.0,5.6,1.0,1.0,29.0,75.0,0.0,7.4,2.0,2.0
2023-07-18,60.0,87.0,40.0,11.0,21.0,24.0,28.8,67.0,0.0,5.0,1.0,1.0,29.0,71.0,0.0,9.1,3.0,2.0
2023-07-19,56.0,84.0,39.0,11.0,23.0,22.0,29.5,59.0,0.0,6.6,1.0,1.0,29.1,69.0,0.0,9.2,2.0,1.0
2023-07-20,52.0,80.0,39.0,14.0,27.0,25.0,27.9,61.0,0.0,6.8,1.0,1.0,28.4,67.0,0.0,10.1,1.0,1.0
2023-07-21,62.0,94.0,41.0,16.0,24.0,38.0,28.8,67.0,0.0,6.6,1.0,1.0,29.0,68.0,0.0,6.6,1.0,1.0
2023-07-22,74.0,114.0,42.0,13.0,30.0,35.0,29.1,70.0,0.0,4.0,1.0,1.0,29.1,76.0,0.0,6.1,2.0,2.0
2023-07-23,58.0,84.0,41.0,12.0,23.0,25.0,29.0,68.0,0.0,6.0,1.0,1.0,28.9,72.0,0.0,8.0,3.0,2.0
2023-07-24,57.0,77.0,38.0,11.0,33.0,23.0,28.8,76.0,0.0,6.8,1.0,1.0,28.5,82.0,0.0,8.0,1.0,1.0
2023-07-25,63.0,97.0,42.0,11.0,36.0,34.0,28.0,78.0,3.1,2.7,0.0,1.0,28.3,82.0,0.0,5.7,1.0,1.0
2023-07-26,63.0,92.0,38.0,11.0,25.0,33.0,28.0,74.0,0.0,3.3,1.0,1.0,28.2,79.0,0.4,1.3,0.0,1.0
2023-07-27,71.0,109.0,41.0,13.0,26.0,43.0,29.0,72.0,1.0,1.5,1.0,1.0,28.9,76.0,0.0,4.2,2.0,1.0
2023-07-28,67.0,94.0,44.0,11.0,24.0,32.0,28.9,68.0,0.6,1.0,1.0,1.0,29.0,71.0,0.0,2.7,3.0,4.0
2023-07-29,63.0,93.0,42.0,11.0,27.0,27.0,28.6,67.0,0.0,6.3,2.0,4.0,28.6,72.0,0.0,8.8,3.0,3.0
2023-07-30,62.0,93.0,42.0,11.0,32.0,20.0,28.5,66.0,0.0,6.0,2.0,1.0,28.7,72.0,0.0,8.6,3.0,3.0
2023-07-31,60.0,83.0,39.0,12.0,26.0,20.0,28.2,65.0,0.1,4.8,1.0,1.0,28.4,77.0,0.3,7.8,3.0,4.0
2023-08-01,56.0,79.0,41.0,10.0,19.0,24.0,28.7,68.0,0.0,6.0,2.0,4.0,29.0,75.0,0.0,8.8,4.0,3.0
2023-08-02,51.0,74.0,42.0,9.0,22.0,24.0,29.4,72.0,0.0,7.0,2.0,6.0,29.7,76.0,0.0,9.0,2.0,4.0
2023-08-03,60.0,82.0,40.0,9.0,32.0,29.0,29.4,75.0,0.0,0.7,1.0,1.0,30.0,76.0,0.0,3.8,3.0,4.0
2023-08-04,62.0,91.0,38.0,11.0,39.0,24.0,29.6,74.0,0.0,3.5,1.0,1.0,29.5,77.0,0.0,9.0,3.0,4.0
2023-08-05,57.0,91.0,39.0,8.0,33.0,22.0,29.4,71.0,0.0,6.5,1.0,1.0,29.3,77.0,0.1,5.9,2.0,1.0
2023-08-06,58.0,97.0,39.0,11.0,30.0,22.0,28.8,73.0,0.0,6.8,2.0,1.0,28.9,76.0,0.0,9.0,1.0,1.0
2023-08-07,72.0,114.0,40.0,13.0,28.0,39.0,28.8,76.0,0.0,7.0,1.0,1.0,29.3,77.0,0.0,8.5,2.0,5.0
2023-08-08,67.0,90.0,41.0,10.0,19.0,29.0,29.0,77.0,6.7,5.2,2.0,1.0,29.0,81.0,0.0,8.9,3.0,4.0
2023-08-09,58.0,79.0,39.0,9.0,24.0,24.0,28.7,75.0,0.0,7.0,0.0,1.0,29.0,75.0,0.0,8.6,4.0,4.0
2023-08-10,58.0,87.0,41.0,10.0,27.0,31.0,28.3,76.0,0.0,7.2,1.0,1.0,28.5,78.0,0.0,9.0,2.0,3.0
2023-08-11,66.0,96.0,40.0,10.0,29.0,29.0,28.6,74.0,0.0,6.7,2.0,1.0,28.8,83.0,0.0,8.6,2.0,4.0
2023-08-12,66.0,98.0,42.0,12.0,28.0,28.0,28.8,66.0,0.0,5.0,1.0,1.0,28.5,74.0,0.0,6.5,2.0,1.0
2023-08-13,59.0,87.0,43.0,12.0,27.0,24.0,28.2,70.0,0.0,7.0,1.0,1.0,27.9,77.0,0.0,8.7,2.0,1.0
2023-08-14,56.0,82.0,42.0,12.0,30.0,25.0,28.4,72.0,0.0,6.7,2.0,1.0,28.6,77.0,0.0,8.0,3.0,4.0
2023-08-15,61.0,90.0,46.0,11.0,26.0,33.0,28.4,74.0,0.0,7.0,1.0,1.0,28.4,76.0,0.0,8.7,2.0,1.0
2023-08-16,63.0,93.0,42.0,12.0,28.0,35.0,28.8,72.0,3.7,7.0,1.0,1.0,28.7,76.0,0.0,8.2,2.0,1.0
2023-08-17,61.0,87.0,42.0,11.0,21.0,29.0,28.2,70.0,0.4,5.5,1.0,1.0,28.2,72.0,0.0,7.6,2.0,1.0
2023-08-18,46.0,67.0,40.0,12.0,24.0,22.0,28.2,71.0,0.0,7.2,2.0,1.0,28.7,76.0,0.0,8.5,2.0,1.0
2023-08-19,56.0,84.0,41.0,12.0,28.0,28.0,28.9,71.0,0.0,6.8,2.0,1.0,28.6,76.0,0.0,8.3,3.0,4.0
2023-08-20,59.0,86.0,42.0,13.0,30.0,20.0,29.4,72.0,0.0,7.0,1.0,1.0,29.3,74.0,0.0,8.6,3.0,4.0
2023-08-21,57.0,82.0,40.0,13.0,28.0,21.0,29.2,68.0,0.0,6.8,1.0,1.0,29.3,72.0,0.0,8.1,3.0,4.0
2023-08-22,59.0,88.0,42.0,14.0,25.0,30.0,28.8,70.0,0.0,4.5,2.0,1.0,29.0,72.0,0.0,7.6,2.0,4.0
2023-08-23,64.0,96.0,41.0,14.0,29.0,37.0,29.0,68.0,0.0,4.5,2.0,1.0,28.8,71.0,0.0,8.1,3.0,3.0
2023-08-24,64.0,89.0,45.0,12.0,26.0,27.0,29.2,70.0,0.0,5.5,1.0,1.0,29.2,74.0,0.0,9.0,3.0,4.0
2023-08-25,60.0,90.0,45.0,13.0,40.0,35.0,28.8,74.0,1.6,7.2,1.0,1.0,28.9,76.0,0.0,8.9,2.0,3.0
2023-08-26,77.0,84.0,42.0,8.0,30.0,23.0,29.1,74.0,0.0,7.4,1.0,1.0,28.9,79.0,9.2,8.6,2.0,2.0
2023-08-27,64.0,94.0,40.0,12.0,42.0,23.0,29.0,76.0,0.0,4.5,1.0,1.0,29.3,79.0,0.0,8.1,2.0,1.0
2023-08-28,62.0,85.0,41.0,13.0,28.0,30.0,28.7,71.0,1.8,5.0,1.0,1.0,28.9,74.0,0.0,5.5,2.0,3.0
2023-08-29,63.0,90.0,45.0,14.0,23.0,30.0,28.7,71.0,0.4,5.0,0.0,1.0,28.9,74.0,0.0,5.9,3.0,3.0
2023-08-30,64.0,90.0,44.0,13.0,32.0,32.0,28.5,72.0,0.0,7.5,2.0,1.0,28.6,76.0,0.0,8.8,3.0,1.0
2023-08-31,68.0,104.0,44.0,13.0,39.0,34.0,28.2,73.0,0.0,7.5,1.0,1.0,28.5,77.0,0.0,9.0,1.0,1.0
2023-09-01,71.0,101.0,42.0,12.0,35.0,37.0,28.0,72.0,3.7,7.0,1.0,1.0,28.2,74.0,0.0,8.3,1.0,1.0
2023-09-02,74.0,108.0,43.0,11.0,34.0,33.0,28.5,71.0,0.0,7.4,1.0,1.0,29.1,74.0,0.0,8.5,3.0,4.0
2023-09-03,63.0,93.0,43.0,11.0,42.0,20.0,28.9,68.0,0.0,4.7,1.0,1.0,29.1,74.0,0.2,7.7,2.0,3.0
2023-09-04,62.0,89.0,45.0,11.0,31.0,29.0,28.3,62.0,0.0,5.5,1.0,1.0,28.3,67.0,0.0,6.7,2.0,1.0
2023-09-05,66.0,99.0,46.0,16.0,27.0,36.0,28.4,63.0,0.0,7.5,0.0,1.0,28.2,68.0,0.0,7.4,3.0,1.0
2023-09-06,60.0,93.0,47.0,16.0,32.0,35.0,28.7,65.0,0.0,8.0,0.0,1.0,28.9,73.0,0.0,9.3,2.0,1.0
2023-09-07,62.0,95.0,47.0,15.0,33.0,30.0,28.7,70.0,0.0,9.2,1.0,1.0,28.8,73.0,0.0,9.2,2.0,2.0
2023-09-08,66.0,102.0,49.0,14.0,24.0,34.0,29.0,74.0,0.0,9.3,1.0,1.0,29.1,77.0,0.0,9.3,3.0,2.0
2023-09-09,46.0,88.0,54.0,13.0,26.0,27.0,29.3,72.0,0.0,8.0,1.0,1.0,29.1,77.0,0.0,8.7,2.0,1.0
2023-09-10,58.0,82.0,41.0,11.0,29.0,23.0,28.4,66.0,0.0,8.0,1.0,1.0,28.9,71.0,0.0,8.2,2.0,2.0
2023-09-11,62.0,91.0,41.0,10.0,35.0,29.0,29.1,66.0,0.0,6.7,1.0,1.0,29.8,72.0,0.0,7.7,2.0,3.0
2023-09-12,56.0,82.0,41.0,10.0,18.0,24.0,29.6,65.0,0.0,6.0,1.0,1.0,29.8,70.0,0.0,9.1,3.0,2.0
2023-09-13,55.0,86.0,41.0,10.0,31.0,26.0,29.5,67.0,0.0,8.0,0.0,1.0,29.2,74.0,0.0,9.5,2.0,2.0
2023-09-14,55.0,73.0,42.0,9.0,29.0,29.0,29.2,64.0,0.0,7.0,1.0,1.0,28.9,68.0,0.0,8.3,2.0,2.0
2023-09-15,58.0,82.0,44.0,8.0,29.0,27.0,29.5,65.0,0.0,8.2,1.0,1.0,29.5,66.0,0.0,9.0,3.0,2.0
2023-09-16,60.0,88.0,46.0,7.0,33.0,26.0,29.3,68.0,0.0,9.0,1.0,1.0,29.1,72.0,0.0,9.4,2.0,2.0
2023-09-17,57.0,76.0,43.0,6.0,33.0,20.0,29.1,70.0,0.0,8.0,1.0,1.0,29.1,73.0,0.0,9.6,2.0,2.0
2023-09-18,53.0,76.0,42.0,6.0,32.0,20.0,29.0,73.0,0.0,7.4,1.0,1.0,29.3,75.0,0.0,8.1,1.0,1.0
2023-09-19,60.0,88.0,41.0,9.0,33.0,30.0,29.7,72.0,0.0,8.2,0.0,1.0,29.8,75.0,0.0,7.9,2.0,1.0
2023-09-20,62.0,84.0,43.0,8.0,21.0,33.0,28.9,73.0,0.0,3.0,0.0,1.0,29.5,73.0,0.0,7.4,2.0,3.0
2023-09-21,61.0,84.0,44.0,8.0,29.0,32.0,29.3,70.0,0.0,8.0,1.0,1.0,29.3,74.0,0.6,7.7,2.0,3.0
2023-09-22,60.0,87.0,44.0,9.0,29.0,30.0,28.8,70.0,0.0,7.0,1.0,1.0,29.0,70.0,2.5,7.0,2.0,4.0
2023-09-23,57.0,86.0,45.0,8.0,33.0,31.0,28.9,66.0,0.0,8.0,1.0,1.0,29.1,68.0,0.0,8.9,2.0,1.0
2023-09-24,55.0,78.0,44.0,7.0,30.0,23.0,28.7,72.0,0.0,3.6,1.0,1.0,29.3,76.0,0.0,4.6,1.0,1.0
2023-09-25,59.0,84.0,46.0,9.0,35.0,30.0,29.3,66.0,0.0,6.0,1.0,1.0,29.2,70.0,0.0,7.6,2.0,1.0
2023-09-26,58.0,89.0,45.0,8.0,27.0,34.0,29.5,66.0,0.0,9.0,0.0,1.0,29.6,69.0,0.0,9.4,2.0,1.0
2023-09-27,57.0,88.0,46.0,9.0,23.0,33.0,29.8,58.0,0.0,9.0,1.0,1.0,29.5,66.0,0.0,9.1,3.0,4.0
2023-09-28,58.0,99.0,46.0,8.0,29.0,23.0,30.0,58.0,0.0,9.8,1.0,1.0,30.3,61.0,0.0,8.5,4.0,4.0
2023-09-29,58.0,88.0,47.0,8.0,29.0,22.0,30.4,59.0,0.0,9.5,1.0,1.0,30.8,70.0,0.0,7.8,2.0,1.0
2023-09-30,63.2,93.4,45.4,7.8,34.6,26.4,29.1,70.0,0.0,9.2,1.0,1.0,29.5,72.0,0.0,9.6,2.0,1.0
2023-10-01,75.0,122.0,43.0,5.0,37.0,29.0,28.9,72.0,0.0,8.0,1.0,1.0,29.3,74.0,0.0,8.9,2.0,1.0
2023-10-02,76.0,122.0,43.0,8.0,35.0,31.0,29.2,70.0,0.0,4.3,1.0,1.0,29.5,74.0,0.0,7.7,2.0,1.0
2023-10-03,58.0,86.0,41.0,7.0,36.0,26.0,29.2,67.0,0.0,4.8,2.0,1.0,29.5,69.0,0.0,7.4,2.0,1.0
2023-10-04,65.0,95.0,43.0,7.0,30.0,33.0,29.0,74.0,1.6,8.0,1.0,1.0,29.3,74.0,0.0,8.2,3.0,3.0
2023-10-05,62.0,89.0,46.0,5.0,27.0,26.0,29.8,74.0,0.0,8.0,0.0,1.0,29.8,75.0,0.0,9.5,3.0,3.0
2023-10-06,59.0,86.0,46.0,5.0,39.0,26.0,29.3,76.0,2.7,8.5,1.0,1.0,30.1,76.0,0.0,9.6,1.0,1.0
2023-10-07,72.0,107.0,46.0,5.0,30.0,38.0,29.6,74.0,0.0,4.4,1.0,1.0,30.1,78.0,0.0,8.9,2.0,3.0
2023-10-08,64.0,92.0,49.0,4.0,29.0,27.0,29.7,73.0,0.0,4.9,1.0,1.0,30.0,75.0,0.0,8.9,3.0,4.0
2023-10-09,58.0,85.0,48.0,5.0,25.0,23.0,30.1,72.0,0.0,7.5,1.0,1.0,29.8,76.0,0.0,8.7,3.0,4.0
2023-10-10,59.0,78.0,50.0,5.0,36.0,26.0,30.7,65.0,0.0,8.0,1.0,1.0,30.5,77.0,0.0,7.9,3.0,4.0
2023-10-11,53.0,74.0,48.0,4.0,31.0,26.0,30.1,72.0,0.0,7.0,1.0,1.0,30.3,75.0,0.0,7.7,2.0,3.0
2023-10-12,62.0,93.0,47.0,4.0,34.0,33.0,30.2,74.0,0.0,6.2,1.0,1.0,30.3,77.0,0.0,6.7,2.0,3.0
2023-10-13,63.0,89.0,47.0,3.0,41.0,26.0,30.1,74.0,0.0,7.6,2.0,1.0,30.6,77.0,0.0,8.1,2.0,1.0
2023-10-14,65.0,102.0,47.0,10.2,24.0,32.0,30.3,65.0,0.0,7.0,2.0,1.0,30.4,72.0,0.0,7.3,2.0,3.0
2023-10-15,62.0,98.0,48.0,9.4,25.0,22.0,30.8,61.0,0.0,6.0,1.0,1.0,30.9,70.0,0.0,8.4,3.0,4.0
2023-10-16,59.0,96.0,50.0,7.4,31.0,24.0,30.1,69.0,0.0,5.7,1.0,1.0,30.1,76.0,0.0,7.5,2.0,4.0
2023-10-17,61.0,93.0,49.0,7.6,43.0,25.0,31.8,60.0,0.0,8.0,2.0,1.0,31.0,72.0,1.0,9.5,3.0,1.0
2023-10-18,64.0,108.0,50.0,9.0,29.0,34.0,30.3,62.0,0.0,7.6,2.0,1.0,30.6,69.0,0.0,7.8,3.0,4.0
2023-10-19,65.0,93.0,51.0,9.0,25.0,30.0,30.7,66.0,0.0,7.5,1.0,1.0,30.0,74.0,0.0,9.5,3.0,4.0
2023-10-20,62.0,78.0,50.0,6.0,29.0,23.0,29.9,73.0,6.5,6.4,2.0,1.0,29.7,78.0,0.0,8.9,2.0,1.0
2023-10-21,63.0,88.0,49.0,6.0,24.0,33.0,30.2,71.0,0.0,7.2,1.0,1.0,30.0,75.0,0.0,8.1,2.0,3.0
2023-10-22,60.0,91.0,47.0,4.0,37.0,25.0,30.4,65.0,0.0,8.0,1.0,1.0,30.4,74.0,0.0,9.5,1.0,1.0
2023-10-23,62.0,86.0,48.0,6.0,37.0,27.0,29.9,68.5,0.0,8.0,1.0,1.0,30.15,74.0,0.0,8.6,1.5,2.5
2023-10-24,63.0,96.0,47.0,5.0,21.0,35.0,29.4,72.0,0.0,8.0,1.0,1.0,29.9,74.0,0.0,7.7,2.0,4.0
2023-10-25,58.0,81.0,44.0,5.0,31.0,32.0,29.5,72.0,0.4,2.0,1.0,1.0,30.2,72.0,0.0,6.5,2.0,5.0
2023-10-26,65.0,99.0,46.0,8.0,31.0,37.0,30.1,72.0,0.0,4.4,1.0,1.0,30.3,78.0,0.0,6.0,1.0,1.0
2023-10-27,67.0,102.0,47.0,8.0,29.0,36.0,30.1,72.0,0.0,7.0,0.0,1.0,29.9,78.0,0.0,9.2,2.0,1.0
2023-10-28,66.0,97.0,47.0,6.0,34.0,36.0,30.3,68.0,0.8,7.0,1.0,1.0,30.3,78.0,0.0,8.8,3.0,3.0
2023-10-29,65.0,94.0,47.0,7.0,36.0,26.0,29.8,69.0,0.0,8.0,1.0,1.0,29.7,77.0,0.0,9.4,1.0,1.0
2023-10-30,59.0,83.0,45.0,6.0,40.0,29.0,30.7,67.0,0.0,7.8,1.0,1.0,31.0,75.0,0.0,9.5,2.0,1.0
2023-10-31,67.0,95.0,45.0,5.0,48.0,33.0,29.8,74.0,10.9,6.5,1.0,1.0,30.6,78.0,0.0,9.4,2.0,1.0
2023-11-01,61.0,86.0,42.0,8.0,38.0,41.0,29.8,72.0,8.0,4.3,1.0,1.0,30.2,78.0,2.5,8.9,2.0,1.0
2023-11-02,58.0,84.0,42.0,6.0,35.0,38.0,30.3,71.0,0.0,3.5,1.0,1.0,30.8,77.0,0.0,6.4,1.0,1.0
2023-11-03,64.0,89.0,43.0,9.0,39.0,37.0,30.2,70.0,0.0,4.0,1.0,1.0,30.8,77.0,0.0,9.0,2.0,1.0
2023-11-04,68.0,97.0,45.0,8.0,33.0,41.0,28.2,80.0,30.3,4.2,1.0,1.0,28.9,83.0,0.0,8.0,2.0,6.0
2023-11-05,51.0,63.0,44.0,8.0,40.0,29.0,28.7,80.0,28.0,1.5,1.0,1.0,29.3,82.0,7.5,6.2,2.0,1.0
2023-11-06,53.0,73.0,43.0,8.0,34.0,29.0,30.1,75.0,0.0,0.6,0.0,1.0,30.3,79.0,0.2,3.4,2.0,1.0
2023-11-07,60.0,85.0,43.0,7.0,37.0,30.0,30.4,71.0,0.0,5.2,2.0,1.0,30.6,79.0,0.0,7.9,2.0,2.0
2023-11-08,55.0,74.0,41.0,6.0,40.0,25.0,30.4,72.0,0.0,3.2,1.0,1.0,30.8,78.0,0.0,8.5,2.0,1.0
2023-11-09,61.0,89.0,44.0,6.0,46.0,30.0,30.0,72.0,0.0,0.0,1.0,1.0,30.3,79.0,0.0,8.0,2.0,1.0
2023-11-10,64.0,107.0,44.0,8.0,41.0,33.0,29.2,79.0,0.0,0.0,1.0,1.0,29.6,82.0,0.0,8.0,2.0,1.0
2023-11-11,64.0,89.0,39.0,15.0,35.0,30.0,29.3,76.0,4.5,0.0,1.0,1.0,29.4,83.0,10.7,4.2,2.0,1.0
2023-11-12,57.0,79.0,42.0,16.0,45.0,25.0,30.1,71.0,0.0,0.0,1.0,1.0,30.2,80.0,0.0,4.1,1.0,1.0
2023-11-13,58.0,81.0,43.0,18.0,36.0,29.0,31.2,67.0,0.6,0.0,1.0,1.0,31.3,77.0,0.0,8.6,2.0,1.0
2023-11-14,57.0,79.0,43.0,16.0,34.0,26.0,29.7,76.0,2.7,8.0,1.0,1.0,29.4,83.0,0.0,9.0,2.0,1.0
2023-11-15,47.0,66.0,40.0,16.0,38.0,30.0,29.6,74.0,39.0,0.0,1.0,1.0,29.9,82.0,31.2,6.0,1.0,1.0
2023-11-16,57.0,81.0,42.0,16.0,41.0,37.0,29.7,74.0,7.0,4.2,2.0,1.0,30.0,81.0,0.0,7.2,1.0,1.0
2023-11-17,52.0,75.0,41.0,16.0,40.0,36.0,29.8,75.0,11.0,7.6,1.0,1.0,30.3,82.0,29.5,8.8,2.0,1.0
2023-11-18,53.0,120.0,41.0,14.0,34.0,31.0,29.2,76.0,0.4,6.2,1.0,1.0,29.9,80.0,3.6,6.7,1.0,1.0
2023-11-19,54.0,80.0,43.0,16.0,32.0,24.0,29.6,78.0,1.0,6.0,1.0,1.0,30.4,79.0,1.9,7.0,2.0,6.0
2023-11-20,52.0,75.0,43.0,15.0,39.0,24.0,30.4,69.0,4.0,7.8,1.0,1.0,31.2,76.0,0.0,8.8,2.0,1.0
2023-11-21,57.0,87.0,44.0,15.0,36.0,30.0,30.2,72.0,0.0,6.3,2.0,1.0,30.4,80.0,0.0,6.6,2.0,1.0
2023-11-22,50.0,69.0,42.0,13.0,43.0,30.0,30.0,73.0,15.0,6.8,2.0,1.0,30.7,78.0,30.5,9.3,2.0,1.0
2023-11-23,56.0,93.0,44.0,11.0,38.0,30.0,29.2,78.0,3.1,3.0,1.0,1.0,29.6,84.0,10.7,3.1,1.0,1.0
2023-11-24,70.0,101.0,44.0,11.0,33.0,38.0,28.6,82.0,0.0,0.0,1.0,1.0,28.6,86.0,0.0,0.5,1.0,1.0
2023-11-25,65.0,83.0,43.0,14.0,4.0,29.0,26.1,89.0,3.5,1.0,0.0,1.0,26.1,94.0,26.0,2.0,1.0,1.0
2023-11-26,55.0,75.0,43.0,15.0,15.0,25.0,29.1,75.0,18.1,0.0,1.0,1.0,29.0,84.0,35.5,5.1,1.0,1.0
2023-11-27,58.0,76.0,43.0,14.0,31.0,26.0,28.2,78.0,13.0,5.2,1.0,1.0,28.3,86.0,12.0,6.2,1.0,1.0
2023-11-28,62.0,96.0,45.0,15.0,29.0,34.0,29.5,73.0,8.6,0.0,0.0,1.0,29.5,82.0,20.0,0.0,2.0,3.0
2023-11-29,58.0,82.0,44.0,11.0,31.0,26.0,29.8,76.0,2.5,5.7,0.0,1.0,29.3,84.0,0.2,2.5,2.0,3.0
2023-11-30,38.0,67.0,43.0,12.0,34.0,34.0,28.3,80.0,18.1,6.2,1.0,1.0,28.4,87.0,18.3,8.4,1.0,1.0
2023-12-01,54.0,73.0,36.0,12.0,22.0,13.0,26.9,87.0,3.0,2.3,0.0,1.0,27.2,90.0,3.0,3.8,2.0,1.0
2023-12-02,53.0,67.0,39.0,11.0,14.0,12.0,29.4,74.0,1.1,0.0,1.0,1.0,29.5,84.0,1.5,0.0,2.0,1.0
2023-12-03,60.0,76.0,38.0,10.0,22.0,12.0,28.6,78.0,1.1,6.1,1.0,1.0,28.8,85.0,2.7,6.8,2.0,6.0
2023-12-04,58.0,76.0,35.0,13.0,20.0,12.0,26.7,86.0,2.3,1.7,0.0,1.0,27.0,88.0,2.3,3.2,1.0,1.0
2023-12-05,54.0,74.0,35.0,10.0,20.0,12.0,29.4,74.0,1.4,0.0,1.0,1.0,29.7,81.0,5.4,0.0,2.0,1.0
2023-12-06,58.0,79.0,35.0,14.0,13.0,13.0,29.4,74.0,10.9,6.5,1.0,1.0,29.7,81.0,0.0,7.3,2.0,1.0
2023-12-07,48.0,68.0,34.0,11.0,18.0,12.0,29.2,79.0,0.0,6.7,1.0,1.0,29.4,82.0,0.0,7.4,2.0,1.0
2023-12-08,51.0,62.0,33.0,9.0,24.0,11.0,29.4,76.0,0.0,0.6,1.0,1.0,29.8,81.0,0.0,1.5,2.0,1.0
2023-12-09,58.0,73.0,34.0,12.0,18.0,14.0,29.1,76.0,0.0,3.6,1.0,1.0,29.2,84.0,0.0,5.9,1.0,1.0
2023-12-10,28.0,42.0,30.0,9.0,13.0,7.0,29.2,77.0,0.0,1.0,1.0,1.0,29.1,85.0,0.0,0.6,2.0,1.0
2023-12-11,43.0,61.0,31.0,14.0,23.0,8.0,30.0,72.0,0.0,0.0,2.0,1.0,30.4,80.0,0.0,0.0,2.0,1.0
2023-12-12,25.0,43.0,30.0,6.0,16.0,6.0,29.7,71.0,0.0,7.0,1.0,1.0,30.3,78.0,0.0,9.2,2.0,1.0
2023-12-13,29.0,35.0,30.0,7.0,13.0,5.0,30.1,70.0,0.0,3.8,2.0,1.0,30.6,79.0,0.0,6.0,2.0,8.0
2023-12-14,27.0,32.0,31.0,6.0,12.0,5.0,30.6,69.0,0.0,6.8,2.0,1.0,30.9,77.0,0.0,8.5,2.0,1.0
2023-12-15,27.0,39.0,32.0,5.0,21.0,5.0,30.4,65.0,0.0,7.6,1.0,1.0,30.8,73.0,0.0,9.1,2.0,7.0
2023-12-16,46.0,63.0,36.0,8.0,14.0,7.0,30.3,64.0,0.0,5.2,2.0,1.0,30.5,69.0,0.0,7.5,3.0,8.0
2023-12-17,59.0,78.0,30.0,19.0,29.0,9.0,30.6,65.0,0.0,7.7,2.0,8.0,30.4,72.0,0.0,9.2,2.0,1.0
2023-12-18,64.0,86.0,30.0,16.0,33.0,12.0,30.7,66.0,0.0,7.8,1.0,1.0,30.7,72.0,0.0,9.3,3.0,8.0
2023-12-19,58.0,85.0,32.0,16.0,23.0,13.0,30.3,62.0,0.0,7.5,2.0,1.0,30.3,67.0,0.0,9.2,3.0,8.0
2023-12-20,65.0,95.0,53.0,9.4,24.0,12.0,30.3,56.0,0.0,8.8,1.0,1.0,30.2,66.0,0.0,7.8,2.0,1.0
2023-12-21,53.0,71.0,57.0,11.4,26.0,13.0,29.9,62.0,0.0,8.0,2.0,1.0,30.1,69.0,0.0,9.2,2.0,8.0
2023-12-22,39.0,59.0,52.0,10.4,15.0,9.0,30.1,65.0,0.0,7.0,1.0,1.0,30.0,74.0,0.0,9.4,2.0,1.0
2023-12-23,31.0,39.0,48.0,10.0,24.0,7.0,31.0,65.0,2.8,1.8,1.0,1.0,31.0,72.0,0.0,3.9,2.0,1.0
2023-12-24,56.0,75.0,51.0,11.0,25.0,13.0,30.6,70.0,0.0,6.6,1.0,1.0,30.7,73.0,0.0,7.2,2.0,1.0
2023-12-25,38.0,52.0,48.0,10.0,25.0,9.0,28.3,80.0,0.0,5.3,1.0,1.0,29.0,80.0,3.4,6.2,1.0,1.0
2023-12-26,41.0,56.0,51.0,10.0,25.0,11.0,28.4,80.0,36.0,2.0,1.0,1.0,28.8,82.0,0.0,6.2,1.0,1.0
2023-12-27,36.0,35.0,49.0,8.0,20.0,7.0,28.7,80.0,0.0,0.0,1.0,1.0,29.4,80.0,0.0,0.0,1.0,1.0
2023-12-28,33.0,51.0,50.0,11.0,8.0,7.0,29.9,76.0,2.5,3.8,1.0,1.0,30.4,78.0,0.0,4.5,2.0,1.0
2023-12-29,23.0,27.0,50.0,10.0,13.0,7.0,29.3,79.0,0.9,4.1,1.0,1.0,29.8,79.0,0.0,8.4,1.0,1.0
2023-12-30,38.0,53.0,51.0,11.0,13.0,9.0,29.2,79.0,2.0,4.0,1.0,1.0,29.7,79.0,5.1,4.6,1.0,1.0
2023-12-31,54.0,68.0,49.0,11.0,19.0,12.0,28.3,80.0,0.0,2.4,1.0,1.0,29.1,80.0,0.2,3.1,2.0,1.0
2024-01-01,64.0,89.0,52.0,9.0,13.0,30.0,29.6,77.0,1.8,5.6,1.0,1.0,29.8,80.0,0.8,7.8,1.0,1.0
2024-01-02,53.0,93.0,52.0,4.0,12.0,28.0,29.7,78.0,0.0,0.7,1.0,1.0,30.0,81.0,8.1,2.6,3.0,8.0
2024-01-03,52.0,57.0,52.0,6.0,12.0,27.0,28.0,84.0,2.5,0.0,1.0,1.0,27.9,87.0,4.1,0.0,2.0,8.0
2024-01-04,30.0,60.8,112.0,20.0,8.0,77.0,27.1,87.0,8.5,0.0,0.0,1.0,26.7,90.0,10.8,0.0,2.0,1.0
2024-01-05,22.0,54.0,46.0,15.0,24.0,44.0,28.1,80.0,30.8,0.0,1.0,1.0,28.3,83.0,78.4,0.0,2.0,5.0
2024-01-06,49.0,68.0,46.0,12.0,38.0,36.0,27.8,83.0,1.0,4.0,1.0,1.0,28.6,82.0,0.8,5.8,1.0,1.0
2024-01-07,52.0,77.0,45.0,14.0,34.0,44.0,28.1,80.0,1.3,3.7,1.0,1.0,28.5,81.0,0.8,4.6,1.0,1.0
2024-01-08,49.0,52.0,46.0,10.0,27.0,32.0,28.3,79.0,24.2,4.2,1.0,1.0,28.7,80.0,0.0,5.6,1.0,1.0
2024-01-09,50.0,62.0,48.0,13.0,25.0,31.0,29.2,76.0,4.2,0.0,2.0,1.0,29.4,80.0,11.9,0.0,2.0,1.0
2024-01-10,49.0,66.0,49.0,10.0,34.0,41.0,29.2,76.0,2.5,6.0,2.0,1.0,29.5,79.0,0.0,7.5,3.0,8.0
2024-01-11,51.0,58.0,47.0,10.0,24.0,36.0,27.3,87.0,0.0,3.8,1.0,1.0,28.1,84.0,0.0,6.5,2.0,8.0
2024-01-12,30.0,26.0,45.0,8.0,18.0,21.0,28.6,75.0,42.0,0.8,2.0,1.0,29.0,78.0,12.8,6.4,3.0,8.0
2024-01-13,34.0,53.0,46.0,8.0,25.0,25.0,28.4,80.0,0.0,3.0,1.0,1.0,28.4,84.0,0.0,3.9,3.0,7.0
2024-01-14,39.0,49.0,45.0,6.0,20.0,20.0,29.5,76.0,2.4,0.4,2.0,1.0,29.5,81.0,10.5,1.7,3.0,8.0
2024-01-15,55.0,72.0,47.0,10.0,21.0,30.0,29.4,74.0,11.0,3.9,2.0,9.0,29.6,79.0,0.0,6.8,3.0,8.0
2024-01-16,41.0,47.0,48.0,10.0,25.0,24.0,30.2,69.0,0.0,3.2,2.0,8.0,30.0,77.0,0.0,5.1,5.0,8.0
2024-01-17,45.0,54.0,51.0,8.0,16.0,30.0,28.4,80.0,17.3,5.6,1.0,1.0,28.5,83.0,0.0,6.9,3.0,8.0
2024-01-18,45.0,58.0,47.0,11.0,14.0,27.0,28.2,79.0,1.5,1.0,2.0,8.0,28.4,82.0,13.8,2.7,3.0,8.0
2024-01-19,19.0,31.0,46.0,8.0,12.0,20.0,26.4,85.0,7.7,1.0,2.0,8.0,26.3,88.0,5.2,2.1,4.0,8.0
2024-01-20,26.0,28.0,44.0,5.6,17.0,17.0,30.5,64.0,11.0,0.0,2.0,1.0,30.5,69.0,7.8,0.0,5.0,8.0
2024-01-21,36.0,50.0,46.0,6.0,15.0,14.0,28.8,76.0,1.0,8.0,2.0,7.0,28.6,80.0,0.0,9.1,5.0,8.0
2024-01-22,24.0,26.0,44.0,3.0,17.0,11.0,30.4,66.0,7.0,5.4,3.0,8.0,29.7,75.0,2.8,6.5,5.0,8.0
2024-01-23,20.0,38.0,44.0,5.0,15.0,12.0,30.1,68.0,1.5,5.8,1.0,1.0,30.3,71.0,0.0,6.9,4.0,8.0
2024-01-24,31.0,37.0,45.0,8.0,14.0,14.0,30.2,67.0,0.6,2.7,2.0,1.0,29.7,75.0,0.0,4.1,4.0,8.0
2024-01-25,43.0,56.0,48.0,11.0,14.0,22.0,30.1,72.0,0.0,5.7,1.0,1.0,29.8,78.0,0.0,7.5,3.0,8.0
2024-01-26,39.0,59.0,48.0,9.0,17.0,26.0,29.1,78.0,0.0,6.7,3.0,9.0,29.0,83.0,0.0,7.9,3.0,8.0
2024-01-27,21.0,18.0,45.0,7.2,17.0,22.0,26.3,90.0,14.0,2.5,0.0,1.0,26.4,92.0,13.5,6.5,1.0,1.0
2024-01-28,35.0,53.0,45.0,13.0,17.0,30.0,27.4,85.0,28.0,0.0,1.0,1.0,27.2,90.0,39.3,0.0,1.0,1.0
2024-01-29,30.0,46.6,44.0,8.0,17.0,28.0,27.2,88.0,24.0,1.2,1.0,1.0,27.5,89.0,32.4,1.8,1.0,1.0
2024-01-30,39.0,67.0,46.0,31.0,14.0,28.0,26.9,88.0,17.6,0.8,1.0,1.0,27.1,91.0,22.3,0.0,2.0,9.0
2024-01-31,25.0,49.0,47.0,19.0,24.0,30.0,27.9,81.0,110.5,0.7,1.0,1.0,28.0,84.0,144.0,0.7,1.0,1.0
2024-02-01,52.0,72.0,49.0,17.0,18.0,37.0,27.8,83.0,23.0,2.2,1.0,1.0,28.1,86.0,2.0,2.7,2.0,1.0
2024-02-02,50.0,62.0,49.0,12.0,19.0,26.0,28.2,81.0,20.1,3.1,1.0,1.0,28.2,84.0,20.0,6.9,3.0,9.0
2024-02-03,33.0,51.0,48.0,10.0,20.0,22.0,28.1,79.0,20.3,3.2,2.0,8.0,28.1,82.0,41.5,8.8,4.0,8.0
2024-02-04,24.0,38.0,46.0,9.0,16.0,14.0,28.0,81.0,32.2,0.8,1.0,1.0,28.4,84.0,0.0,2.1,2.0,1.0
2024-02-05,38.0,67.0,47.0,13.0,18.0,28.0,27.9,84.0,14.0,2.4,1.0,1.0,28.5,84.0,0.5,5.4,1.0,1.0
2024-02-06,47.0,61.0,47.0,9.0,18.0,32.0,26.4,86.0,6.8,3.4,1.0,1.0,27.5,88.0,9.1,4.6,2.0,8.0
2024-02-07,32.0,49.0,49.0,8.0,15.0,22.0,28.9,75.0,14.8,3.5,1.0,1.0,28.7,83.0,7.5,5.9,2.0,1.0
2024-02-08,42.0,60.0,47.0,6.0,15.0,20.0,29.3,76.0,2.4,5.0,2.0,1.0,29.5,80.0,0.0,6.2,2.0,1.0
2024-02-09,51.0,72.0,51.0,6.0,21.0,31.0,29.0,79.0,5.1,8.5,2.0,9.0,29.5,82.0,0.0,8.4,4.0,8.0
2024-02-10,46.0,57.0,51.0,7.0,28.0,20.0,28.6,79.0,102.0,4.2,1.0,1.0,28.8,84.0,18.0,7.3,2.0,1.0
2024-02-11,39.0,57.0,50.0,9.0,23.0,23.0,28.8,78.0,0.0,5.2,2.0,9.0,29.0,82.0,33.8,4.5,2.0,9.0
2024-02-12,33.0,54.0,50.0,7.0,25.0,23.0,28.6,81.0,5.8,7.6,2.0,1.0,28.7,85.0,8.2,9.4,2.0,8.0
2024-02-13,39.0,52.0,51.0,7.0,26.0,28.0,28.6,80.0,3.0,5.0,2.0,1.0,28.9,84.0,11.5,6.3,2.0,1.0
2024-02-14,25.0,38.0,52.0,8.0,26.0,24.0,27.6,85.0,140.9,6.8,0.0,1.0,28.3,87.0,129.0,8.1,0.0,1.0
2024-02-15,35.0,55.0,18.6,18.0,22.0,29.0,28.5,85.0,3.0,2.1,1.0,1.0,28.9,87.0,9.2,2.4,2.0,1.0
2024-02-16,57.0,73.0,20.0,28.0,20.0,40.0,28.1,85.0,7.5,0.8,2.0,1.0,28.3,87.0,0.2,3.1,1.0,1.0
2024-02-17,36.0,50.0,16.0,21.0,23.0,23.0,28.3,82.0,18.4,0.2,1.0,1.0,28.5,86.0,1.4,1.4,2.0,9.0
2024-02-18,38.0,55.0,15.0,20.0,24.0,26.0,28.6,80.0,0.0,3.0,2.0,1.0,29.0,84.0,1.4,7.3,1.0,1.0
2024-02-19,46.0,66.0,16.0,24.0,14.0,39.0,29.5,78.0,0.0,2.7,2.0,1.0,29.9,79.0,0.0,3.9,1.0,1.0
2024-02-20,42.0,61.0,16.0,21.0,21.0,31.0,29.8,78.0,1.1,5.2,2.0,1.0,30.4,78.0,0.0,7.3,2.0,1.0
2024-02-21,52.0,73.0,20.0,32.0,24.0,37.0,29.5,77.0,0.2,7.2,1.0,1.0,29.6,80.0,0.0,9.3,2.0,1.0
2024-02-22,56.0,73.0,19.0,22.0,23.0,35.0,30.6,74.0,0.0,0.3,3.0,1.0,29.9,78.0,3.4,0.9,2.0,8.0
2024-02-23,38.0,56.0,16.0,20.0,23.0,29.0,30.3,72.0,3.2,5.8,2.0,1.0,30.3,75.0,0.0,5.6,3.0,8.0
2024-02-24,38.0,57.0,20.0,20.0,12.0,19.0,28.9,80.0,2.2,2.4,3.0,1.0,29.2,80.0,0.0,2.8,3.0,8.0
2024-02-25,26.0,37.0,20.0,16.0,22.0,19.0,28.4,81.0,5.7,3.8,2.0,1.0,28.7,82.0,0.2,4.8,2.0,1.0
2024-02-26,25.0,42.0,13.0,17.0,18.0,24.0,28.7,79.0,20.8,1.7,0.0,1.0,29.1,80.0,25.3,4.4,2.0,1.0
2024-02-27,44.0,63.0,14.0,25.0,16.0,32.0,29.1,78.0,0.0,2.5,1.0,1.0,29.4,81.0,0.0,2.2,2.0,1.0
2024-02-28,43.0,59.0,14.0,21.0,13.0,31.0,27.6,88.0,38.5,5.2,1.0,1.0,27.7,88.0,37.0,5.6,1.0,1.0
2024-02-29,33.0,44.0,13.0,22.0,14.0,29.0,26.1,92.0,75.5,0.3,0.0,1.0,26.3,91.0,142.1,2.3,1.0,1.0
2024-03-01,45.0,62.0,14.0,30.0,23.0,37.0,29.1,77.0,10.0,0.0,2.0,1.0,29.4,79.0,32.5,0.0,2.0,1.0
2024-03-02,43.0,64.0,17.0,22.0,15.0,37.0,27.7,86.0,21.6,5.2,1.0,9.0,28.3,84.0,0.2,7.9,1.0,1.0
2024-03-03,33.0,51.0,17.0,20.0,22.0,27.0,27.7,86.0,17.7,0.0,2.0,1.0,28.5,84.0,7.5,1.9,2.0,8.0
2024-03-04,34.0,54.0,14.0,19.0,20.0,25.0,29.2,74.0,6.8,0.2,2.0,1.0,29.1,80.0,0.4,2.5,3.0,7.0
2024-03-05,24.0,43.0,13.0,19.0,20.0,22.0,30.2,71.0,1.0,1.0,2.0,1.0,29.9,77.0,1.6,6.1,4.0,8.0
2024-03-06,25.0,38.0,15.0,17.0,17.0,21.0,29.6,75.0,10.5,2.4,2.0,1.0,29.5,80.0,0.0,6.9,4.0,8.0
2024-03-07,23.0,35.0,14.0,17.0,20.0,21.0,29.7,74.0,4.0,1.2,1.0,1.0,29.5,79.0,0.0,8.3,4.0,8.0
2024-03-08,19.0,34.0,13.0,15.0,22.0,15.0,29.2,75.0,0.0,4.6,1.0,1.0,29.3,79.0,0.0,6.3,4.0,8.0
2024-03-09,29.0,30.0,17.0,17.0,19.0,21.0,26.3,94.0,4.2,0.5,0.0,1.0,27.0,94.0,1.4,0.4,1.0,1.0
2024-03-10,53.0,72.0,17.0,27.0,20.0,35.0,27.9,86.0,47.7,0.0,1.0,1.0,28.1,88.0,43.1,0.0,2.0,1.0
2024-03-11,35.0,47.0,12.0,17.0,14.0,21.0,27.9,86.0,10.4,0.2,1.0,1.0,28.4,86.0,9.5,0.6,4.0,9.0
2024-03-12,31.0,50.0,11.0,13.0,21.0,19.0,28.8,79.0,16.0,0.0,1.0,1.0,28.9,83.0,1.9,0.0,3.0,8.0
2024-03-13,42.0,60.0,14.0,15.0,19.0,25.0,28.2,84.0,4.3,3.0,2.0,1.0,28.7,85.0,3.7,3.4,4.0,8.0
2024-03-14,36.0,52.0,12.0,17.0,17.0,29.0,27.2,86.0,24.0,1.2,1.0,1.0,27.6,87.0,0.0,1.2,2.0,9.0
2024-03-15,32.0,44.0,15.0,16.0,22.0,22.0,27.4,83.0,31.8,0.0,1.0,1.0,27.5,85.0,23.7,0.0,3.0,8.0
2024-03-16,23.0,27.0,13.0,13.0,23.0,20.0,26.0,91.0,6.5,0.0,1.0,1.0,26.2,91.0,7.0,0.3,3.0,8.0
2024-03-17,24.0,37.0,14.0,12.0,21.0,16.0,27.0,85.0,19.0,1.0,2.0,8.0,27.2,86.0,17.5,1.0,4.0,7.0
2024-03-18,22.0,35.0,16.0,11.0,20.0,17.0,29.0,77.0,21.7,2.1,2.0,1.0,28.8,82.0,15.7,3.4,3.0,7.0
2024-03-19,29.0,47.0,14.0,13.0,18.0,18.0,30.2,65.0,0.3,5.0,1.0,1.0,29.8,74.0,1.5,6.9,4.0,7.0
2024-03-20,27.0,47.0,13.0,17.0,10.0,16.0,30.4,63.0,1.4,9.9,3.0,8.0,29.9,74.0,0.0,9.5,4.0,7.0
2024-03-21,28.0,51.0,18.0,16.0,11.0,18.0,29.0,77.0,0.0,9.7,2.0,1.0,29.3,82.0,0.0,9.8,2.0,8.0
2024-03-22,24.0,28.0,10.0,17.0,17.0,26.0,26.4,91.0,63.3,9.0,0.0,1.0,26.7,91.0,62.5,9.5,1.0,1.0
2024-03-23,63.0,100.0,15.0,31.0,30.0,47.0,29.8,75.0,3.8,0.0,1.0,1.0,29.9,80.0,23.4,0.3,1.0,1.0
2024-03-24,52.0,71.0,13.0,15.0,38.0,30.0,29.9,77.0,0.5,9.9,1.0,1.0,30.1,80.0,0.0,9.4,2.0,1.0
2024-03-25,44.0,64.0,13.0,16.0,25.0,39.0,29.2,80.0,9.2,8.0,1.0,1.0,29.7,81.0,14.1,9.2,1.0,1.0
2024-03-26,52.0,73.0,13.0,21.0,25.0,37.0,30.2,75.0,2.9,5.0,1.0,1.0,30.6,77.0,0.0,5.5,3.0,3.0
2024-03-27,57.0,77.0,13.0,22.0,17.0,43.0,28.3,82.0,0.4,5.2,1.0,1.0,28.5,84.0,0.3,5.9,1.0,1.0
2024-03-28,62.0,92.0,19.0,22.0,33.0,45.0,29.3,77.0,3.4,0.0,1.0,1.0,29.7,79.0,6.9,0.5,1.0,1.0
2024-03-29,62.0,90.0,16.0,19.0,35.0,50.0,29.8,75.0,0.0,5.5,0.0,1.0,30.0,79.0,1.7,6.7,2.0,3.0
2024-03-30,56.0,75.0,16.0,21.0,29.0,44.0,29.7,77.0,0.6,6.2,1.0,1.0,29.9,81.0,0.0,6.5,2.0,1.0
2024-03-31,53.0,79.0,12.0,23.0,32.0,41.0,28.9,82.0,10.2,4.5,1.0,1.0,29.9,82.0,0.0,5.4,1.0,1.0
2024-04-01,63.0,96.0,11.0,26.0,27.0,52.0,29.2,78.0,18.2,4.0,1.0,1.0,30.1,81.0,0.4,6.3,1.0,1.0
2024-04-02,67.0,97.0,14.0,28.0,28.0,62.0,29.5,77.0,1.2,5.4,1.0,1.0,29.9,82.0,0.0,5.8,1.0,1.0
2024-04-03,62.0,78.0,13.0,25.0,24.0,52.0,28.3,83.0,0.0,2.0,2.0,1.0,29.1,84.0,10.8,2.7,1.0,1.0
2024-04-04,48.0,63.0,12.0,30.0,24.0,51.0,30.2,75.0,5.6,4.0,1.0,1.0,30.7,78.0,0.0,4.4,1.0,1.0
2024-04-05,67.0,102.0,13.0,34.0,26.0,58.0,29.6,80.0,6.3,6.2,0.0,1.0,30.7,80.0,0.0,7.0,2.0,8.0
2024-04-06,58.0,83.0,15.0,28.0,29.0,39.0,29.2,80.0,2.8,1.2,1.0,1.0,29.3,84.0,25.6,4.0,1.0,1.0
2024-04-07,48.0,68.0,12.0,22.0,36.0,34.0,30.1,76.0,1.1,1.0,2.0,1.0,30.3,79.0,2.9,0.0,1.0,1.0
2024-04-08,50.0,65.0,13.0,19.0,44.0,31.0,30.0,72.0,0.6,4.8,2.0,1.0,30.3,76.0,0.0,6.8,2.0,7.0
2024-04-09,40.0,62.0,15.0,20.0,34.0,24.0,28.6,81.0,30.7,5.0,0.0,1.0,28.7,84.0,0.0,7.0,1.0,1.0
2024-04-10,55.0,76.0,14.0,26.0,37.0,34.0,28.7,78.0,8.7,0.8,1.0,1.0,29.2,81.0,9.0,1.4,1.0,1.0
2024-04-11,40.0,54.0,10.0,18.0,31.0,26.0,29.0,80.0,0.7,5.0,2.0,1.0,29.3,84.0,8.1,6.6,1.0,1.0
2024-04-12,24.0,45.0,9.0,15.0,30.0,24.0,27.7,86.0,39.0,3.5,1.0,1.0,28.0,88.0,74.5,6.3,1.0,1.0
2024-04-13,33.0,53.0,10.0,20.0,31.0,29.0,29.5,79.0,1.0,3.7,2.0,1.0,29.5,82.0,11.5,5.1,2.0,3.0
2024-04-14,27.0,47.0,9.0,17.0,34.0,23.0,28.9,80.0,9.2,7.5,1.0,1.0,29.2,83.0,7.0,9.2,1.0,1.0
2024-04-15,27.0,46.0,9.0,19.0,27.0,25.0,30.1,75.0,1.0,5.5,1.0,1.0,30.6,78.0,0.0,5.4,3.0,3.0
2024-04-16,32.0,52.0,13.0,17.0,25.0,20.0,30.9,74.0,1.1,4.5,1.0,1.0,30.9,80.0,0.0,8.6,2.0,3.0
2024-04-17,46.0,69.0,12.0,21.0,35.0,32.0,28.8,81.0,10.6,3.5,2.0,1.0,29.3,83.0,17.4,8.5,2.0,1.0
2024-04-18,44.0,60.0,11.0,24.0,33.0,37.0,29.6,75.0,27.2,3.6,2.0,1.0,29.9,79.0,7.5,8.1,2.0,1.0
2024-04-19,41.0,60.0,14.0,21.0,25.0,38.0,29.5,76.0,0.0,3.7,1.0,1.0,29.7,79.0,8.0,6.7,2.0,4.0
2024-04-20,57.0,77.0,20.0,22.0,24.0,33.0,30.1,76.0,2.0,0.6,1.0,1.0,30.2,79.0,0.0,4.5,3.0,4.0
2024-04-21,40.0,52.0,13.0,18.0,24.0,25.0,29.6,76.0,5.1,2.3,1.0,1.0,29.7,81.0,0.4,4.7,1.0,1.0
2024-04-22,53.0,71.0,13.0,22.0,23.0,40.0,30.9,73.0,0.0,2.5,1.0,1.0,31.1,77.0,0.0,4.8,2.0,3.0
2024-04-23,52.0,70.0,14.0,25.0,17.0,41.0,29.8,77.0,0.0,7.0,1.0,1.0,30.4,78.0,6.6,9.1,1.0,1.0
2024-04-24,50.0,71.0,13.0,25.0,22.0,49.0,30.0,78.0,4.8,3.5,1.0,1.0,29.7,82.0,5.9,8.7,2.0,1.0
2024-04-25,52.0,69.0,11.0,23.0,31.0,51.0,29.0,81.0,13.0,1.0,1.0,1.0,29.1,84.0,49.0,4.8,2.0,3.0
2024-04-26,41.0,58.0,13.0,19.0,26.0,35.0,30.2,77.0,0.4,0.0,1.0,1.0,30.4,80.0,3.3,2.1,3.0,4.0
2024-04-27,53.0,73.0,19.0,22.0,20.0,34.0,29.5,78.0,0.0,7.0,1.0,1.0,29.9,81.0,0.2,4.9,2.0,1.0
2024-04-28,51.0,74.0,13.0,25.0,28.0,34.0,30.2,78.0,2.0,5.5,1.0,1.0,30.2,82.0,3.0,5.9,2.0,4.0
2024-04-29,50.0,65.0,13.0,17.0,28.0,28.0,31.3,74.0,0.2,2.7,2.0,1.0,31.3,78.0,0.0,2.2,3.0,3.0
2024-04-30,53.0,70.0,16.0,18.0,27.0,33.0,31.0,74.0,0.0,6.8,1.0,1.0,31.1,79.0,0.0,7.9,2.0,3.0
2024-05-01,47.0,63.0,15.0,19.0,26.0,34.0,30.4,76.0,3.0,5.6,1.0,1.0,30.5,81.0,0.0,6.4,2.0,1.0
2024-05-02,54.0,75.0,14.0,18.0,27.0,30.0,31.3,72.0,6.0,0.6,1.0,1.0,31.2,78.0,0.0,0.6,3.0,3.0
2024-05-03,58.0,85.0,13.0,24.0,30.0,43.0,30.7,73.0,0.0,2.8,2.0,1.0,31.2,78.0,0.0,4.6,1.0,1.0
2024-05-04,62.0,87.0,14.0,24.0,25.0,50.0,30.3,70.0,0.0,6.2,1.0,1.0,30.7,74.0,0.0,8.0,2.0,1.0
2024-05-05,60.0,88.0,14.0,27.0,22.0,47.0,30.8,71.0,0.0,5.0,1.0,1.0,30.8,76.0,0.0,6.9,2.0,1.0
2024-05-06,59.0,82.0,15.0,18.0,26.0,38.0,30.5,68.0,1.5,5.8,0.0,1.0,30.8,75.0,0.0,7.4,1.0,1.0
2024-05-07,64.0,92.0,16.0,20.0,23.0,42.0,31.0,68.0,0.0,3.7,1.0,1.0,31.0,74.0,0.0,3.9,2.0,1.0
2024-05-08,63.0,87.0,19.0,18.0,20.0,47.0,30.5,71.0,0.0,6.5,1.0,1.0,30.6,75.0,0.0,8.3,2.0,1.0
2024-05-09,62.0,93.0,16.0,18.0,22.0,44.0,30.6,73.0,1.6,4.2,1.0,1.0,30.7,77.0,0.0,7.4,3.0,4.0
2024-05-10,56.0,84.0,19.0,12.0,30.0,27.0,30.9,73.0,0.0,6.0,1.0,1.0,31.1,78.0,0.0,8.8,3.0,4.0
2024-05-11,52.0,74.0,18.0,11.0,28.0,27.0,31.1,71.0,0.0,7.0,2.0,1.0,31.2,77.0,0.0,8.9,3.0,4.0
2024-05-12,53.0,75.0,18.0,10.0,28.0,27.0,31.0,70.0,0.0,5.5,2.0,1.0,31.3,75.0,0.0,0.0,3.0,4.0
2024-05-13,52.0,64.0,16.0,8.0,25.0,25.0,30.9,72.0,0.0,5.7,1.0,1.0,31.2,75.0,0.0,5.8,3.0,3.0
2024-05-14,61.0,85.0,18.0,10.0,28.0,39.0,28.5,84.0,0.0,6.0,1.0,1.0,29.2,83.0,10.8,8.5,1.0,1.0
2024-05-15,62.0,78.0,14.0,20.0,26.0,40.0,30.7,71.0,28.5,0.0,1.0,1.0,30.9,75.0,0.0,0.0,3.0,4.0
2024-05-16,65.0,98.0,19.0,17.0,28.0,40.0,30.4,73.0,0.0,4.5,1.0,1.0,30.6,76.0,0.0,8.0,2.0,3.0
2024-05-17,64.0,86.0,17.0,17.0,21.0,39.0,30.4,70.0,0.0,5.5,1.0,1.0,30.7,75.0,0.0,5.5,2.0,1.0
2024-05-18,67.0,97.0,18.0,20.0,18.0,48.0,30.6,69.0,1.5,4.5,1.0,1.0,30.9,73.0,0.0,7.5,2.0,3.0
2024-05-19,63.0,92.0,15.0,17.0,25.0,36.0,30.3,70.0,0.0,4.5,1.0,1.0,30.5,73.0,0.0,8.6,2.0,4.0
2024-05-20,65.0,91.0,17.0,15.0,26.0,32.0,30.6,68.0,0.0,6.5,1.0,1.0,30.9,71.0,0.0,9.1,2.0,4.0
2024-05-21,62.0,97.0,25.0,14.0,23.0,45.0,30.5,70.0,0.0,3.4,1.0,1.0,30.9,73.0,0.0,5.9,2.0,3.0
2024-05-22,65.0,92.0,20.0,12.0,24.0,37.0,30.6,72.0,0.0,5.2,2.0,1.0,30.8,74.0,0.0,7.5,3.0,4.0
2024-05-23,59.0,78.0,20.0,11.0,22.0,32.0,28.9,81.0,12.6,3.2,1.0,1.0,29.1,83.0,0.0,3.9,2.0,4.0
2024-05-24,60.0,74.0,16.0,13.0,19.0,30.0,29.3,78.0,7.5,0.0,1.0,1.0,29.4,80.0,6.6,0.5,3.0,4.0
2024-05-25,39.0,53.0,12.0,15.0,16.0,30.0,27.2,86.0,3.5,4.0,1.0,1.0,27.1,90.0,5.5,5.3,1.0,1.0
2024-05-26,61.0,82.0,26.0,21.0,19.0,38.0,29.5,77.0,2.1,0.0,1.0,1.0,29.7,81.0,3.5,0.0,2.0,1.0
2024-05-27,64.0,92.0,22.0,15.0,25.0,39.0,31.0,70.0,6.1,0.4,1.0,1.0,31.0,76.0,0.0,3.0,2.0,3.0
2024-05-28,67.0,100.0,18.0,14.0,29.0,42.0,30.7,74.0,3.0,6.0,2.0,1.0,30.8,78.0,0.0,8.2,3.0,4.0
2024-05-29,64.0,86.0,19.0,10.0,32.0,36.0,30.8,73.0,0.0,6.4,1.0,1.0,31.1,77.0,0.0,8.3,2.0,3.0
2024-05-30,59.0,85.0,19.0,8.0,29.0,38.0,30.6,74.0,0.0,4.4,1.0,1.0,30.8,78.0,0.0,8.6,2.0,3.0
2024-05-31,70.0,101.0,17.0,10.0,27.0,44.0,30.8,74.0,0.2,5.2,1.0,1.0,31.0,76.0,0.0,8.1,2.0,1.0
2024-06-01,73.0,102.0,16.0,8.0,22.0,48.0,29.7,76.0,0.0,2.8,1.0,1.0,29.9,79.0,0.0,8.0,1.0,1.0
2024-06-02,67.0,95.0,14.0,5.0,24.0,45.0,29.7,78.0,7.3,1.0,0.0,1.0,29.7,81.0,0.0,1.4,1.0,1.0
2024-06-03,50.0,61.0,11.0,5.0,24.0,40.0,28.8,82.0,1.5,1.5,0.0,1.0,28.7,87.0,28.2,1.8,1.0,1.0
2024-06-04,58.0,76.0,14.0,5.0,26.0,44.0,29.6,78.0,9.0,0.4,1.0,1.0,30.0,80.0,0.2,0.6,1.0,1.0
2024-06-05,63.0,88.0,17.0,6.0,27.0,51.0,30.0,72.0,0.0,3.0,1.0,1.0,30.1,78.0,0.0,5.2,2.0,2.0
2024-06-06,55.0,77.0,16.0,5.0,16.0,42.0,30.7,68.0,1.5,6.0,1.0,1.0,30.5,76.0,0.0,7.9,2.0,3.0
2024-06-07,58.0,82.0,16.0,24.8,24.0,41.0,29.9,73.0,6.5,6.6,2.0,1.0,30.1,77.0,0.0,8.9,2.0,3.0
2024-06-08,62.0,88.0,16.0,25.0,22.0,40.0,30.5,72.0,0.0,6.0,2.0,4.0,30.5,76.0,0.0,9.0,3.0,5.0
2024-06-09,63.0,87.0,18.0,23.0,27.0,32.0,29.6,75.0,0.0,6.8,1.0,1.0,30.2,76.0,0.0,9.0,2.0,1.0
2024-06-10,69.0,99.0,14.0,34.0,19.0,50.0,30.7,73.0,0.0,3.6,1.0,1.0,30.6,76.0,0.0,7.3,3.0,4.0
2024-06-11,60.0,79.0,18.0,26.0,31.0,37.0,28.4,85.0,15.5,4.2,1.0,1.0,28.8,85.0,0.0,8.5,2.0,1.0
2024-06-12,58.0,76.0,12.0,35.0,26.0,51.0,28.9,79.0,12.9,3.2,0.0,1.0,29.1,81.0,22.4,3.3,2.0,1.0
2024-06-13,49.0,61.0,16.0,30.0,21.0,36.0,29.0,78.0,0.0,3.0,1.0,1.0,29.3,80.0,0.0,7.0,3.0,5.0
2024-06-14,52.0,66.0,18.0,25.0,23.0,33.0,29.7,75.0,9.5,1.0,2.0,1.0,30.0,77.0,0.0,3.3,2.0,3.0
2024-06-15,50.0,69.0,14.0,28.0,33.0,38.0,28.9,78.0,5.1,6.8,2.0,9.0,28.8,84.0,8.6,9.0,2.0,1.0
2024-06-16,54.0,73.0,9.0,26.0,41.0,42.0,28.2,82.0,65.6,3.0,1.0,1.0,28.5,85.0,82.0,4.9,1.0,1.0
2024-06-17,53.0,72.0,11.0,27.0,32.0,32.0,29.7,75.0,0.0,1.7,2.0,1.0,29.9,76.0,0.0,4.9,2.0,1.0
2024-06-18,63.0,98.0,13.0,24.0,33.0,30.0,29.3,77.0,0.0,6.7,2.0,1.0,29.4,79.0,0.0,8.5,1.0,1.0
2024-06-19,67.0,93.0,15.0,30.0,27.0,46.0,29.8,71.0,6.2,0.5,1.0,1.0,29.8,74.0,0.0,1.9,4.0,4.0
2024-06-20,62.0,87.0,16.0,25.0,24.0,37.0,29.7,66.0,0.0,7.0,1.0,1.0,30.0,70.0,0.0,8.6,3.0,5.0
2024-06-21,62.0,89.0,16.0,26.0,26.0,43.0,29.8,70.0,0.0,7.0,1.0,1.0,30.2,74.0,0.0,8.8,2.0,4.0
2024-06-22,63.0,90.0,15.0,25.0,30.0,41.0,29.2,72.0,0.0,6.7,1.0,1.0,29.3,76.0,0.0,8.1,2.0,3.0
2024-06-23,63.0,89.0,17.0,25.0,27.0,35.0,30.2,62.0,2.2,0.8,1.0,1.0,30.4,68.0,0.0,6.6,2.0,1.0
2024-06-24,57.0,85.0,15.0,26.0,20.0,40.0,29.9,72.0,0.0,7.0,1.0,1.0,29.8,77.0,0.0,7.9,2.0,1.0
2024-06-25,58.0,76.0,20.0,26.0,20.0,34.0,27.3,83.0,0.0,3.8,1.0,1.0,27.6,84.0,0.0,5.2,1.0,1.0
2024-06-26,51.0,65.0,13.0,30.0,23.0,29.0,29.8,75.0,24.0,2.0,1.0,1.0,29.8,79.0,8.0,1.2,3.0,4.0
2024-06-27,56.0,74.0,14.0,25.0,23.0,32.0,29.7,77.0,0.0,7.0,1.0,1.0,30.2,78.0,0.0,9.0,3.0,5.0
2024-06-28,53.0,67.0,12.0,27.0,24.0,33.0,29.6,78.0,2.5,5.5,1.0,1.0,30.0,80.0,0.0,8.8,2.0,3.0
2024-06-29,52.0,74.0,11.0,34.0,22.0,34.0,28.0,82.0,29.1,6.5,1.0,1.0,28.3,87.0,0.0,8.0,1.0,1.0
2024-06-30,41.0,58.0,10.0,24.0,23.0,33.0,29.4,76.0,3.0,0.6,2.0,1.0,29.5,79.0,8.0,0.8,1.0,1.0
2024-07-01,62.0,90.0,11.0,28.0,31.0,41.0,29.0,77.0,0.7,6.0,1.0,1.0,29.3,80.0,0.0,8.7,1.0,1.0
2024-07-02,55.0,74.0,9.0,26.0,25.0,38.0,28.5,81.0,0.6,2.5,0.0,1.0,28.9,83.0,0.0,5.3,1.0,1.0
2024-07-03,69.0,103.0,12.0,38.0,29.0,51.0,28.1,79.0,0.0,1.3,1.0,1.0,28.9,80.0,0.0,1.5,1.0,1.0
2024-07-04,58.0,78.0,9.0,36.0,26.0,52.0,27.1,84.0,2.5,5.8,1.0,1.0,27.3,85.0,0.0,7.2,1.0,1.0
2024-07-05,53.0,66.0,10.0,28.0,21.0,41.0,27.0,84.0,14.5,1.6,1.0,1.0,27.1,86.0,36.5,2.1,3.0,5.0
2024-07-06,30.0,38.0,8.0,24.0,15.0,24.0,24.8,92.0,15.3,4.2,0.0,1.0,25.0,92.0,25.0,3.7,1.0,1.0
2024-07-07,24.0,41.0,8.0,24.0,24.0,26.0,27.4,81.0,49.3,0.5,0.0,1.0,27.6,85.0,40.9,0.2,1.0,1.0
2024-07-08,31.0,53.0,11.0,23.0,24.0,30.0,29.2,77.0,21.1,2.7,1.0,1.0,28.2,82.0,21.2,3.5,2.0,1.0
2024-07-09,43.0,66.0,8.0,31.0,28.0,49.0,28.1,83.0,54.0,7.0,1.0,1.0,28.4,83.0,16.3,8.0,2.0,4.0
2024-07-10,55.0,77.0,11.0,24.0,32.0,37.0,28.7,76.0,1.6,2.0,1.0,1.0,29.1,77.0,0.0,8.0,2.0,1.0
2024-07-11,64.0,94.0,13.0,32.0,25.0,50.0,28.6,76.0,0.0,5.3,1.0,1.0,28.9,80.0,0.0,5.8,1.0,1.0
2024-07-12,60.0,86.0,11.0,26.0,35.0,43.0,28.8,67.0,0.0,6.8,2.0,1.0,29.3,73.0,0.0,7.5,2.0,1.0
2024-07-13,66.0,93.0,15.0,30.0,23.0,50.0,28.3,67.0,0.0,5.5,1.0,1.0,28.4,72.0,0.0,8.0,1.0,1.0
2024-07-14,59.0,83.0,12.0,27.0,26.0,41.0,28.0,66.0,0.0,6.5,1.0,1.0,28.2,71.0,0.0,7.4,2.0,4.0
2024-07-15,58.0,85.0,15.0,25.0,28.0,40.0,27.4,68.0,0.0,7.0,1.0,1.0,27.8,71.0,0.0,8.0,1.0,1.0
2024-07-16,58.0,92.0,13.0,27.0,28.0,49.0,28.6,66.0,0.0,7.0,1.0,1.0,28.6,68.0,0.0,8.0,2.0,1.0
2024-07-17,59.0,88.0,17.0,26.0,20.0,45.0,28.5,72.0,0.0,7.0,2.0,4.0,28.7,76.0,0.0,8.0,3.0,5.0
2024-07-18,63.0,91.0,17.0,25.0,27.0,40.0,29.5,69.0,0.0,6.5,2.0,1.0,29.4,73.0,0.0,8.0,3.0,5.0
2024-07-19,58.0,84.0,15.0,25.0,23.0,38.0,29.2,69.0,0.0,4.8,1.0,1.0,29.4,72.0,0.0,7.0,2.0,1.0
2024-07-20,60.0,84.0,17.0,24.0,24.0,38.0,28.6,67.0,0.0,4.4,2.0,1.0,28.4,74.0,0.0,8.0,2.0,1.0
2024-07-21,59.0,87.0,13.0,24.0,26.0,35.0,29.4,67.0,0.0,7.0,1.0,1.0,29.0,75.0,0.0,8.0,1.0,1.0
2024-07-22,59.0,79.0,12.0,24.0,29.0,38.0,28.7,73.0,0.0,6.0,1.0,1.0,29.0,77.0,0.0,8.0,1.0,1.0
2024-07-23,63.0,92.0,16.0,25.0,33.0,41.0,28.9,66.0,0.0,6.6,2.0,1.0,28.8,73.0,0.0,7.1,2.0,1.0
2024-07-24,75.0,99.0,23.0,27.0,27.0,44.0,29.0,70.0,0.0,6.4,1.0,1.0,28.9,77.0,0.0,8.0,2.0,3.0
2024-07-25,61.0,83.0,16.0,26.0,28.0,43.0,28.4,72.0,0.0,3.2,1.0,1.0,28.7,75.0,0.0,6.0,1.0,1.0
2024-07-26,59.0,84.0,15.0,27.0,15.0,42.0,28.9,71.0,0.0,3.6,1.0,1.0,29.5,75.0,0.0,7.4,2.0,3.0
2024-07-27,64.0,94.0,17.0,24.0,18.0,37.0,29.5,69.0,0.0,4.2,1.0,1.0,29.5,71.0,0.0,7.5,2.0,1.0
2024-07-28,64.0,102.0,16.0,24.0,29.0,33.0,29.0,72.0,0.0,6.5,1.0,1.0,29.2,77.0,0.0,8.0,2.0,5.0
2024-07-29,63.0,90.0,15.0,23.0,25.0,33.0,29.3,68.0,0.0,6.2,1.0,1.0,29.1,72.0,0.0,6.4,2.0,4.0
2024-07-30,63.0,96.0,16.0,26.0,20.0,44.0,29.3,69.0,0.0,6.5,1.0,1.0,29.3,74.0,0.0,8.0,1.0,1.0
2024-07-31,69.0,105.0,16.0,27.0,21.0,49.0,29.4,72.0,0.0,7.0,1.0,1.0,29.4,77.0,0.0,8.0,2.0,1.0
2024-08-01,68.0,103.0,13.0,28.0,26.0,44.0,28.7,77.0,0.0,7.0,2.0,1.0,29.5,76.0,0.0,8.0,1.0,1.0
2024-08-02,60.0,85.0,11.0,27.0,37.0,44.0,28.8,75.0,12.3,0.6,1.0,1.0,29.0,80.0,0.0,7.8,1.0,1.0
2024-08-03,47.0,64.0,10.0,28.0,26.0,45.0,28.6,78.0,2.6,5.4,1.0,1.0,29.2,78.0,0.1,6.0,1.0,1.0
2024-08-04,50.0,74.0,10.0,29.0,29.0,39.0,29.3,75.0,0.0,7.0,1.0,1.0,29.4,78.0,0.0,8.0,2.0,1.0
2024-08-05,53.0,78.0,10.0,26.0,23.0,37.0,28.5,74.0,5.0,7.1,2.0,1.0,28.8,77.0,1.5,8.0,2.0,5.0
2024-08-06,53.0,75.0,16.0,24.0,21.0,42.0,29.2,69.0,0.0,2.5,1.0,1.0,29.3,74.0,0.0,5.4,2.0,4.0
2024-08-07,62.0,91.0,13.0,26.0,27.0,42.0,28.9,72.0,0.0,7.0,1.0,1.0,29.2,75.0,0.0,8.0,2.0,3.0
2024-08-08,64.0,96.0,16.0,28.0,23.0,42.0,29.4,68.0,0.0,7.0,1.0,1.0,29.5,75.0,0.0,5.5,2.0,4.0
2024-08-09,61.0,91.0,15.0,25.0,19.0,33.0,29.7,70.0,0.0,2.5,1.0,1.0,29.5,76.0,0.0,4.0,2.0,4.0
2024-08-10,55.0,81.0,15.0,23.0,21.0,35.0,29.5,72.0,0.0,7.0,1.0,1.0,29.6,77.0,0.0,8.0,2.0,3.0
2024-08-11,56.0,77.0,12.0,22.0,28.0,28.0,29.1,71.0,0.0,7.2,2.0,1.0,29.8,72.0,4.6,8.0,2.0,4.0
2024-08-12,54.0,78.0,12.0,23.0,24.0,30.0,29.0,62.0,0.0,5.4,1.0,1.0,29.1,68.0,0.0,7.7,2.0,4.0
2024-08-13,62.0,93.0,19.0,26.0,25.0,44.0,29.0,61.0,0.0,5.3,1.0,1.0,29.0,71.0,0.0,7.3,2.0,1.0
2024-08-14,62.0,93.0,17.0,26.0,27.0,43.0,29.3,68.0,0.0,7.3,1.0,4.0,29.8,72.0,0.0,8.0,2.0,5.0
2024-08-15,63.0,90.0,14.0,26.0,38.0,38.0,29.2,69.0,0.0,7.3,1.0,1.0,29.2,76.0,0.0,8.0,1.0,1.0
2024-08-16,64.0,91.0,15.0,28.0,33.0,48.0,29.0,69.0,0.0,6.5,1.0,1.0,29.4,73.0,0.0,8.0,1.0,1.0
2024-08-17,65.0,92.0,15.0,25.0,31.0,44.0,29.4,69.0,0.0,4.5,1.0,1.0,29.3,73.0,0.0,6.0,2.0,1.0
2024-08-18,62.0,93.0,13.0,23.0,30.0,32.0,29.0,72.0,0.0,4.0,1.0,1.0,29.4,77.0,0.0,6.9,2.0,3.0
2024-08-19,60.0,86.0,13.0,24.0,32.0,38.0,29.1,73.0,0.0,7.2,1.0,1.0,29.1,76.0,0.0,8.0,2.0,1.0
2024-08-20,64.0,93.0,14.0,26.0,27.0,46.0,28.8,76.0,0.0,7.5,1.0,1.0,29.0,77.0,0.0,8.0,2.0,5.0
2024-08-21,67.0,96.0,17.0,27.0,27.0,47.0,29.1,74.0,0.0,6.0,1.0,2.0,28.9,77.0,0.0,8.0,3.0,4.0
2024-08-22,63.0,84.0,19.0,25.0,26.0,40.0,29.1,73.0,0.0,6.8,1.0,2.0,29.1,76.0,0.0,8.0,3.0,5.0
2024-08-23,56.0,77.0,12.0,23.0,28.0,32.0,28.8,76.0,0.0,6.0,1.0,2.0,29.0,79.0,0.0,8.0,2.0,2.0
2024-08-24,62.0,98.0,13.0,27.0,24.0,43.0,28.5,73.0,0.0,6.0,1.0,2.0,28.7,77.0,0.0,7.9,2.0,2.0
2024-08-25,66.0,90.0,13.0,25.0,28.0,37.0,28.7,68.0,0.0,7.0,1.0,2.0,28.9,71.0,0.0,7.2,2.0,5.0
2024-08-26,55.0,78.0,13.0,24.0,28.0,39.0,29.4,70.0,0.0,7.0,2.0,2.0,29.3,75.0,0.0,8.0,1.0,2.0
2024-08-27,69.0,106.0,14.0,30.0,36.0,50.0,29.1,71.0,0.0,7.4,1.0,2.0,29.6,76.0,0.0,8.0,2.0,5.0
2024-08-28,62.0,86.0,14.0,24.0,33.0,41.0,28.7,64.0,0.0,7.5,2.0,2.0,29.5,68.0,0.0,7.2,2.0,2.0
2024-08-29,65.0,98.0,14.0,26.0,41.0,42.0,30.4,65.0,0.0,7.0,1.0,2.0,30.4,71.0,0.0,7.3,1.0,2.0
2024-08-30,68.0,98.0,15.0,28.0,30.0,46.0,28.8,67.0,0.0,4.2,1.0,2.0,29.3,74.0,0.0,7.7,2.0,2.0
2024-08-31,56.0,75.0,14.0,25.0,24.0,40.0,28.6,70.0,0.0,3.5,1.0,2.0,28.9,74.0,0.0,4.8,1.0,2.0
2024-09-01,54.0,72.0,12.0,22.0,27.0,32.0,29.0,71.0,0.0,8.0,1.0,2.0,28.9,77.0,0.0,8.0,2.0,2.0
2024-09-02,52.0,70.0,10.0,22.0,35.0,36.0,30.0,74.0,0.0,7.0,0.0,2.0,30.0,78.0,0.0,8.0,2.0,2.0
2024-09-03,55.0,79.0,10.0,28.0,23.0,44.0,29.3,72.0,0.0,6.9,2.0,2.0,29.6,77.0,0.0,8.0,2.0,2.0
2024-09-04,58.0,83.0,11.0,24.0,35.0,35.0,30.1,64.0,0.0,6.2,1.0,2.0,30.0,73.0,0.0,6.1,2.0,4.0
2024-09-05,52.0,71.0,12.0,24.0,18.0,33.0,30.1,66.0,0.0,7.0,1.0,2.0,29.9,70.0,0.0,8.0,2.0,2.0
2024-09-06,56.0,86.0,14.0,26.0,20.0,40.0,30.6,67.0,0.0,6.8,1.0,2.0,30.5,73.0,0.0,8.0,3.0,4.0
2024-09-07,54.0,79.0,12.0,22.0,25.0,26.0,30.4,64.0,0.0,7.0,2.0,2.0,30.8,71.0,0.0,8.0,3.0,4.0
2024-09-08,54.0,84.0,13.0,22.0,21.0,26.0,30.1,67.0,0.0,8.0,2.0,2.0,30.4,72.0,0.0,8.0,3.0,4.0
2024-09-09,48.0,65.0,12.0,22.0,21.0,26.0,28.6,74.0,0.0,7.9,2.0,2.0,29.1,78.0,0.0,8.0,2.0,2.0
2024-09-10,51.0,70.0,10.0,33.0,19.0,43.0,28.0,80.0,22.4,6.5,1.0,2.0,28.3,82.0,0.0,8.0,2.0,6.0
2024-09-11,39.0,58.0,12.0,23.0,26.0,33.0,29.6,67.0,0.0,1.6,1.0,2.0,29.6,71.0,0.0,2.5,2.0,2.0
2024-09-12,64.0,89.0,15.0,27.0,41.0,39.0,28.9,74.0,0.0,4.1,2.0,2.0,29.6,77.0,0.0,4.3,2.0,2.0
2024-09-13,53.0,74.0,10.0,29.0,36.0,44.0,27.6,79.0,48.7,4.9,1.0,2.0,27.9,84.0,8.1,5.9,2.0,2.0
2024-09-14,57.0,85.0,11.0,25.0,42.0,41.0,28.9,66.0,0.0,5.8,1.0,2.0,29.1,69.0,0.0,7.7,2.0,2.0
2024-09-15,60.0,86.0,12.0,27.0,38.0,35.0,28.8,69.0,0.0,5.0,1.0,2.0,29.1,74.0,0.0,7.9,1.0,2.0
2024-09-16,60.0,86.0,12.0,24.0,38.0,33.0,29.0,67.0,0.0,7.9,2.0,2.0,29.2,72.0,0.0,8.0,2.0,2.0
2024-09-17,55.0,79.0,14.0,24.0,40.0,37.0,28.8,65.0,0.0,6.5,2.0,2.0,29.4,70.0,0.0,8.0,2.0,2.0
2024-09-18,52.0,76.0,16.0,24.0,36.0,34.0,28.3,67.0,0.0,5.0,2.0,2.0,28.7,71.0,0.0,8.0,2.0,5.0
2024-09-19,61.0,83.0,15.0,27.0,37.0,46.0,28.5,62.0,0.0,7.9,1.0,2.0,28.9,71.0,0.0,8.0,2.0,2.0
2024-09-20,59.0,88.0,15.0,24.0,34.0,45.0,29.1,71.0,0.0,8.0,1.0,2.0,29.2,75.0,0.0,8.0,2.0,4.0
2024-09-21,61.0,94.0,14.0,25.0,36.0,39.0,29.4,71.0,0.0,7.6,2.0,2.0,29.5,77.0,0.0,8.0,2.0,6.0
2024-09-22,66.0,101.0,15.0,23.0,35.0,33.0,29.8,76.0,0.0,8.0,1.0,2.0,29.7,80.0,0.0,8.0,2.0,3.0
2024-09-23,59.0,87.0,15.0,24.0,25.0,37.0,29.9,76.0,0.0,3.6,1.0,2.0,30.3,78.0,0.0,6.2,3.0,4.0
2024-09-24,56.0,74.0,15.0,24.0,33.0,31.0,28.0,82.0,0.0,4.5,1.0,2.0,28.6,86.0,0.0,6.0,1.0,2.0
2024-09-25,62.0,89.0,10.0,33.0,25.0,51.0,27.3,80.0,2.0,2.3,1.0,2.0,27.6,83.0,5.7,2.3,2.0,2.0
2024-09-26,57.0,71.0,10.0,29.0,22.0,48.0,27.6,81.0,44.4,6.2,1.0,2.0,27.6,84.0,64.7,7.6,2.0,2.0
2024-09-27,51.0,70.0,10.0,27.0,25.0,41.0,28.7,81.0,55.0,6.0,0.0,2.0,28.9,81.0,5.0,6.4,2.0,2.0
2024-09-28,56.0,85.0,13.0,28.0,24.0,37.0,30.6,73.0,0.0,8.0,2.0,2.0,30.7,76.0,0.0,8.0,2.0,2.0
2024-09-29,60.0,89.0,12.0,32.0,20.0,39.0,30.1,73.0,0.0,6.3,1.0,2.0,30.4,74.0,0.0,6.9,2.0,3.0
2024-09-30,51.0,70.0,13.0,25.0,15.0,40.0,30.1,71.0,0.0,7.0,1.0,2.0,30.1,74.0,0.0,7.4,2.0,2.0
2024-10-01,63.0,91.0,13.0,29.0,24.0,46.0,30.2,71.0,0.0,8.0,1.0,2.0,30.1,76.0,0.0,8.0,1.0,2.0
2024-10-02,61.0,85.0,13.0,27.0,23.0,52.0,30.5,70.0,0.0,8.0,1.0,2.0,30.7,74.0,0.0,8.0,2.0,2.0
2024-10-03,61.0,90.0,13.0,29.0,20.0,44.0,30.3,69.0,4.8,6.8,1.0,2.0,30.2,80.0,0.8,8.0,3.0,4.0
2024-10-04,59.0,82.0,16.0,26.0,21.0,40.0,30.4,69.0,0.0,2.2,1.0,2.0,30.5,71.0,0.0,5.5,2.0,2.0
2024-10-05,56.0,80.0,12.0,30.0,19.0,46.0,29.6,72.0,0.0,5.4,2.0,2.0,30.4,76.0,0.0,8.0,2.0,2.0
2024-10-06,52.0,73.0,10.0,27.0,27.0,40.0,29.7,72.0,0.0,7.5,1.0,2.0,30.0,77.0,0.0,8.0,2.0,2.0
2024-10-07,72.0,108.0,16.0,31.0,24.0,48.0,30.5,62.0,0.0,5.5,1.0,2.0,31.2,70.0,0.0,8.0,2.0,4.0
2024-10-08,55.0,76.0,16.0,25.0,21.0,40.0,30.6,64.0,0.0,8.0,1.0,2.0,30.6,73.0,0.0,8.0,3.0,4.0
2024-10-09,55.0,76.0,13.0,26.0,24.0,41.0,30.2,69.0,0.0,6.8,1.0,2.0,30.0,76.0,0.0,6.4,2.0,2.0
2024-10-10,60.0,86.0,14.0,27.0,26.0,43.0,30.9,69.0,0.0,8.0,1.0,2.0,30.8,76.0,0.0,8.0,2.0,5.0
2024-10-11,60.0,83.0,15.0,28.0,18.0,47.0,31.0,68.0,0.0,7.9,1.0,2.0,30.7,74.0,0.0,6.5,3.0,4.0
2024-10-12,58.0,77.0,16.0,24.0,22.0,34.0,30.6,70.0,0.0,8.0,1.0,2.0,30.4,78.0,0.0,8.0,2.0,3.0
2024-10-13,63.0,92.0,11.0,27.0,26.0,33.0,29.5,77.0,0.0,2.6,1.0,2.0,29.8,76.0,0.0,4.1,1.0,2.0
2024-10-14,61.0,86.0,12.0,26.0,31.0,37.0,29.6,73.0,0.0,0.4,1.0,2.0,29.9,76.0,0.0,0.8,2.0,8.0
2024-10-15,53.0,71.0,13.0,24.0,35.0,40.0,28.9,73.0,2.2,2.5,1.0,2.0,29.0,77.0,0.0,7.0,1.0,2.0
2024-10-16,69.0,94.0,15.0,30.0,33.0,48.0,30.0,72.0,0.0,3.0,1.0,2.0,29.8,75.0,1.0,3.0,2.0,6.0
2024-10-17,59.0,70.0,14.0,26.0,32.0,44.0,29.1,62.0,0.0,7.3,1.0,2.0,29.5,64.0,0.6,8.0,2.0,2.0
2024-10-18,55.0,73.0,13.0,25.0,36.0,40.0,29.4,64.0,0.0,8.0,1.0,2.0,29.6,70.0,0.0,8.0,1.0,2.0
2024-10-19,65.0,82.0,14.0,26.0,39.0,37.0,29.9,69.0,0.0,8.0,1.0,2.0,30.0,76.0,0.0,8.0,2.0,3.0
2024-10-20,61.0,82.0,14.0,36.0,20.0,34.0,31.1,60.0,0.0,8.0,2.0,2.0,30.3,72.0,0.0,8.0,2.0,2.0
2024-10-21,51.0,82.0,12.0,23.0,28.0,32.0,30.1,64.0,0.0,8.0,1.0,2.0,30.0,71.0,0.0,8.0,2.0,5.0
2024-10-22,64.0,94.0,14.0,28.0,32.0,51.0,30.3,67.0,0.0,5.7,1.0,1.0,30.1,73.0,0.0,8.0,2.0,1.0
2024-10-23,57.0,84.0,12.0,24.0,40.0,38.0,30.4,69.0,0.0,8.0,1.0,1.0,30.9,74.0,0.0,8.0,2.0,1.0
2024-10-24,52.0,78.0,10.0,23.0,34.0,35.0,29.4,74.0,46.6,6.6,1.0,1.0,30.1,73.0,23.2,8.0,2.0,4.0
2024-10-25,52.0,73.0,9.0,26.0,40.0,45.0,28.2,80.0,5.0,2.3,1.0,1.0,28.4,83.0,67.7,8.0,2.0,1.0
2024-10-26,57.0,76.0,8.0,26.0,29.0,40.0,30.2,68.0,7.6,5.0,1.0,1.0,29.7,73.0,1.0,7.6,2.0,1.0
2024-10-27,54.0,78.0,19.0,23.0,34.0,31.0,30.1,71.0,0.0,8.0,2.0,1.0,30.2,74.0,0.0,8.0,2.0,6.0
2024-10-28,60.0,83.0,10.0,26.0,37.0,36.0,30.2,67.0,0.0,8.0,1.0,1.0,30.1,71.0,0.0,8.0,1.0,1.0
2024-10-29,59.0,75.0,11.0,28.0,29.0,41.0,30.8,69.0,0.0,0.6,1.0,1.0,30.7,72.0,0.0,5.2,1.0,1.0
2024-10-30,62.0,86.0,11.0,27.0,36.0,44.0,30.9,65.0,0.0,6.5,1.0,1.0,30.7,72.0,0.0,7.3,2.0,1.0
2024-10-31,59.0,78.0,11.0,28.0,29.0,45.0,30.4,70.0,0.0,6.5,1.0,1.0,30.6,75.0,0.0,6.8,1.0,1.0
2024-11-01,62.0,87.0,11.0,28.0,33.0,47.0,30.3,68.0,0.0,6.3,1.0,1.0,30.2,73.0,0.0,6.6,2.0,1.0
2024-11-02,60.0,87.0,14.0,25.0,26.0,41.0,28.9,79.0,0.0,2.6,2.0,1.0,29.5,76.0,0.0,4.4,1.0,1.0
2024-11-03,51.0,70.0,10.0,34.0,29.0,43.0,27.7,79.0,24.5,6.2,1.0,1.0,28.8,77.0,0.3,5.9,1.0,1.0
2024-11-04,44.0,60.0,8.0,25.0,18.2,37.0,27.6,82.0,18.4,5.1,1.0,1.0,28.1,81.0,3.4,5.4,1.0,1.0
2024-11-05,40.0,65.0,12.0,28.0,75.0,45.0,28.6,78.0,0.0,2.8,2.0,1.0,28.9,79.0,11.2,1.2,2.0,3.0
2024-11-06,40.0,58.0,10.0,26.0,15.0,39.0,29.3,73.0,14.5,6.0,1.0,1.0,29.5,75.0,2.8,7.5,2.0,3.0
2024-11-07,55.0,83.0,13.0,27.0,18.0,40.0,29.5,75.0,0.0,3.5,1.0,1.0,30.0,77.0,0.0,6.4,1.0,1.0
2024-11-08,57.0,83.0,12.0,28.0,24.0,44.0,30.0,70.0,0.0,3.5,1.0,1.0,30.3,72.0,0.0,5.4,2.0,1.0
2024-11-09,67.0,99.0,16.0,32.0,20.0,46.0,29.1,76.0,0.0,5.7,1.0,1.0,30.0,76.0,0.0,8.0,2.0,1.0
2024-11-10,54.0,71.0,10.0,32.0,15.0,41.0,28.7,77.0,0.0,4.9,1.0,1.0,29.7,76.0,0.0,7.1,2.0,1.0
2024-11-11,51.0,71.0,10.0,30.0,18.0,42.0,28.6,79.0,0.0,3.3,1.0,1.0,28.9,80.0,3.4,6.6,1.0,1.0
2024-11-12,39.0,53.0,9.0,28.0,9.0,36.0,28.3,80.0,5.6,2.8,1.0,1.0,28.8,80.0,2.5,2.9,2.0,1.0
2024-11-13,53.0,74.0,8.0,31.0,7.0,33.0,29.6,74.0,1.2,2.4,1.0,1.0,29.9,76.0,0.0,4.8,3.0,4.0
2024-11-14,61.0,96.0,19.0,26.0,9.0,34.0,30.0,76.0,0.0,4.6,1.0,1.0,30.4,77.0,0.1,6.6,2.0,1.0
2024-11-15,69.0,106.0,22.0,31.0,13.0,49.0,30.0,73.0,0.0,5.0,1.0,1.0,30.3,74.0,0.0,5.5,2.0,1.0
2024-11-16,76.0,109.0,12.0,28.0,13.0,40.0,28.6,84.0,1.0,3.5,1.0,1.0,28.6,84.0,0.0,5.0,1.0,1.0
2024-11-17,76.0,115.0,11.0,38.0,14.0,47.0,29.6,78.0,7.2,1.2,1.0,1.0,29.5,82.0,43.6,3.0,2.0,3.0
2024-11-18,52.0,68.0,9.0,25.0,9.0,32.0,28.6,83.0,17.8,3.4,2.0,1.0,29.4,82.0,0.0,8.0,2.0,1.0
2024-11-19,38.0,61.0,10.0,28.0,16.0,36.0,29.2,78.0,0.0,5.8,1.0,1.0,29.7,76.0,0.0,6.9,2.0,8.0
2024-11-20,44.0,62.0,13.0,28.0,19.0,40.0,29.5,75.0,8.0,4.4,1.0,1.0,29.5,76.0,0.0,7.4,2.0,1.0
2024-11-21,46.0,64.0,16.0,26.0,16.0,36.0,29.7,75.0,0.0,4.2,1.0,1.0,30.0,78.0,2.7,7.3,2.0,8.0
2024-11-22,32.0,48.0,13.0,24.0,17.0,31.0,29.4,74.0,0.0,5.6,2.0,1.0,29.7,74.0,0.0,7.0,2.0,1.0
2024-11-23,34.0,54.0,12.0,26.0,18.0,29.0,29.0,77.0,0.0,5.5,1.0,1.0,29.4,77.0,0.0,5.8,3.0,8.0
2024-11-24,40.0,51.0,10.0,25.0,11.0,22.0,29.6,73.0,0.0,2.4,1.0,1.0,29.3,76.0,0.0,5.6,2.0,8.0
2024-11-25,31.0,44.0,14.0,24.0,14.0,27.0,30.1,72.0,0.0,3.8,2.0,1.0,29.9,75.0,0.0,3.1,2.0,7.0
2024-11-26,40.0,55.0,13.0,26.0,14.0,29.0,28.9,76.0,0.0,3.1,1.0,1.0,29.4,79.0,0.0,3.6,1.0,1.0
2024-11-27,50.0,61.2,10.0,33.0,10.0,27.0,29.0,79.0,1.6,5.5,1.0,1.0,28.9,82.0,0.0,5.5,2.0,1.0
2024-11-28,30.0,42.0,9.0,25.0,9.0,24.0,29.4,72.0,50.0,2.3,2.0,8.0,30.1,71.0,6.0,3.8,3.0,8.0
2024-11-29,29.0,32.0,10.0,23.0,8.0,21.0,29.8,67.0,0.6,2.0,2.0,1.0,30.0,69.0,1.3,2.5,4.0,8.0
2024-11-30,27.0,40.0,10.0,22.0,7.0,16.0,30.4,66.0,0.0,0.9,2.0,8.0,31.0,66.0,3.0,4.3,3.0,8.0
2024-12-01,32.0,65.0,67.0,7.0,9.0,40.0,30.4,68.0,0.6,2.5,3.0,7.0,31.0,67.0,3.0,3.6,4.0,8.0
2024-12-02,19.0,52.0,67.0,6.0,9.0,33.0,29.3,72.0,5.0,6.8,3.0,8.0,29.6,73.0,1.6,8.0,5.0,8.0
2024-12-03,19.0,31.0,67.0,4.0,12.0,15.0,27.3,79.0,26.0,1.4,2.0,1.0,27.1,81.0,13.0,3.8,5.0,8.0
2024-12-04,30.0,45.0,67.0,7.0,10.0,22.0,27.1,83.0,4.0,0.5,2.0,8.0,27.2,82.0,12.0,0.1,4.0,8.0
2024-12-05,17.0,26.0,67.0,3.0,12.0,13.0,27.7,82.0,10.4,0.0,1.0,1.0,27.6,85.0,0.7,0.0,4.0,8.0
2024-12-06,26.0,47.0,68.0,4.0,11.0,17.0,27.1,86.0,48.2,1.5,0.0,1.0,27.2,86.0,63.4,2.2,1.0,1.0
2024-12-07,66.0,103.0,69.0,27.0,12.0,98.0,27.7,87.0,17.7,0.2,0.0,1.0,28.1,85.0,45.0,0.0,1.0,1.0
2024-12-08,38.0,67.0,68.0,15.0,18.0,57.0,28.2,82.0,30.4,1.4,1.0,1.0,28.3,86.0,19.0,3.1,1.0,1.0
2024-12-09,42.0,69.0,69.0,11.0,11.0,29.0,27.5,85.0,0.0,1.5,0.0,1.0,26.3,94.0,2.5,3.5,1.0,1.0
2024-12-10,38.0,56.0,68.0,12.0,7.0,61.0,27.7,82.0,26.0,0.0,3.0,8.0,28.1,81.0,26.4,0.0,3.0,8.0
2024-12-11,14.0,26.0,68.0,3.0,11.0,15.0,29.7,71.0,1.0,0.3,1.0,1.0,29.6,79.0,0.0,0.6,3.0,8.0
2024-12-12,19.0,40.0,68.0,3.0,13.0,10.0,29.7,69.0,1.0,2.4,2.0,8.0,29.8,71.0,1.9,4.9,4.0,8.0
2024-12-13,21.0,52.0,69.0,4.0,13.0,14.0,30.1,68.0,1.5,4.0,1.0,1.0,30.1,72.0,1.9,5.8,4.0,8.0
2024-12-14,22.0,40.0,68.0,4.0,11.0,15.0,28.4,75.0,1.2,3.1,2.0,8.0,28.6,76.0,0.3,6.1,3.0,8.0
2024-12-15,18.0,40.0,68.0,6.0,10.0,21.0,28.3,78.0,11.3,0.2,1.0,1.0,28.1,80.0,5.0,3.7,2.0,8.0
2024-12-16,27.0,48.0,68.0,5.0,10.0,21.0,28.4,79.0,19.0,0.3,1.0,1.0,28.3,83.0,20.0,1.3,3.0,8.0
2024-12-17,27.0,37.0,68.0,6.0,10.0,30.0,28.3,82.0,7.0,0.5,1.0,1.0,28.1,85.0,3.0,1.9,2.0,8.0
2024-12-18,50.0,67.0,69.0,8.0,8.0,59.0,29.1,72.0,10.8,2.0,2.0,8.0,28.6,79.0,3.3,3.6,3.0,8.0
2024-12-19,18.0,35.0,68.0,5.0,8.0,27.0,28.1,82.0,1.0,4.2,1.0,1.0,28.2,83.0,3.0,4.9,2.0,8.0
2024-12-20,25.0,46.0,69.0,5.0,10.0,32.0,28.1,82.0,56.0,1.9,1.0,1.0,28.4,83.0,9.0,5.2,3.0,8.0
2024-12-21,23.0,53.0,26.0,5.0,11.0,30.0,28.1,81.0,10.0,2.6,2.0,1.0,28.4,85.0,6.0,5.2,2.0,8.0
2024-12-22,53.0,80.0,16.0,11.0,13.0,31.0,27.8,87.0,19.0,1.6,1.0,1.0,28.2,85.0,11.0,0.6,1.0,1.0
2024-12-23,52.0,78.0,12.0,15.0,11.0,45.0,26.9,93.0,44.0,2.5,1.0,1.0,27.1,92.0,22.0,3.7,1.0,1.0
2024-12-24,38.0,55.0,12.0,9.0,10.0,33.0,28.0,79.0,17.0,2.7,1.0,1.0,27.5,87.0,23.0,3.7,2.0,8.0
2024-12-25,52.0,79.0,12.0,11.0,11.0,52.0,27.9,86.0,3.0,0.6,1.0,1.0,27.7,89.0,4.0,0.6,1.0,1.0
2024-12-26,39.0,62.0,12.0,11.0,9.0,35.0,29.4,74.0,8.0,6.4,1.0,1.0,28.9,80.0,0.8,6.9,3.0,8.0
2024-12-27,53.0,83.0,12.0,10.0,11.0,36.0,29.2,78.0,7.5,1.2,2.0,1.0,29.2,81.0,11.1,4.6,3.0,8.0
2024-12-28,64.0,101.0,14.0,9.0,11.0,35.0,30.0,70.0,0.6,3.8,2.0,1.0,29.6,79.0,0.0,7.3,2.0,9.0
2024-12-29,51.0,21.0,13.0,10.0,13.0,35.0,29.7,73.0,0.0,3.0,1.0,1.0,29.3,81.0,7.7,5.9,3.0,8.0
2024-12-30,35.0,10.0,13.0,5.0,12.0,13.0,28.4,76.0,1.0,1.8,2.0,7.0,28.2,79.0,1.0,3.7,4.0,8.0
2024-12-31,29.0,11.0,6.0,13.0,10.0,18.0,28.4,76.0,2.0,2.4,2.0,8.0,28.3,82.0,2.0,3.5,3.0,8.0
