tanggal,index,pm10,pm25,so2,co,o3,no2,Tavg_km,RH_avg_km,RR_km,ss_km,ff_avg_km,DDD_CAR_km
2023-01-01,0.0,44.0,55.0,47.0,10.0,24.0,9.0,26.3,87.0,14.5,0.0,1.0,1.0
2023-01-02,1.0,32.0,43.0,52.0,9.0,24.0,8.0,27.5,81.0,31.5,0.7,2.0,9.0
2023-01-03,2.0,31.0,35.0,49.0,9.0,12.0,7.0,26.6,82.0,0.5,0.0,1.0,1.0
2023-01-04,3.0,30.0,47.0,53.0,11.0,15.0,9.0,26.4,86.0,2.4,2.1,1.0,1.0
2023-01-05,4.0,38.0,50.0,50.0,13.0,26.0,11.0,27.4,83.0,35.3,4.9,2.0,1.0
2023-01-06,5.0,31.0,48.0,45.0,10.0,13.0,7.0,29.6,68.0,2.3,2.2,1.0,1.0
2023-01-07,6.0,25.0,42.0,44.0,10.0,9.0,5.0,29.6,70.0,0.0,6.2,2.0,1.0
2023-01-08,7.0,28.0,49.0,47.0,11.0,9.0,4.0,28.1,76.0,0.0,8.0,2.0,1.0
2023-01-09,8.0,25.0,39.0,48.0,10.0,12.0,5.0,29.0,73.0,11.6,3.8,3.0,9.0
2023-01-10,9.0,37.0,44.0,45.0,11.0,21.0,8.0,30.1,65.0,0.1,5.0,1.0,1.0
2023-01-11,10.0,42.0,65.0,47.0,13.0,25.0,10.0,28.8,73.0,0.0,5.0,1.0,1.0
2023-01-12,11.0,53.0,69.0,49.0,12.0,28.0,13.0,29.1,71.0,6.2,0.0,0.0,1.0
2023-01-13,12.0,57.0,78.0,47.0,11.0,26.0,18.0,29.2,74.0,1.6,8.3,1.0,1.0
2023-01-14,13.0,51.0,70.0,45.0,11.0,31.0,14.0,29.2,72.0,1.6,4.5,1.0,1.0
2023-01-15,14.0,46.0,57.0,44.0,11.0,24.0,7.0,29.8,69.0,0.0,6.4,2.0,9.0
2023-01-16,15.0,34.0,40.0,42.0,11.0,11.0,6.0,28.9,70.0,0.0,6.5,1.0,1.0
2023-01-17,16.0,40.0,52.0,45.0,12.0,9.0,6.0,27.6,77.0,4.5,1.2,1.0,1.0
2023-01-18,17.0,55.0,71.0,55.0,12.0,10.0,11.0,27.7,78.0,0.0,0.0,1.0,1.0
2023-01-19,18.0,53.0,63.0,53.0,11.0,9.0,10.0,27.5,81.0,3.0,1.0,2.0,8.0
2023-01-20,19.0,42.0,57.0,51.0,10.0,12.0,9.0,28.6,72.0,0.5,2.4,1.0,1.0
2023-01-21,20.0,42.0,59.0,48.8,9.0,10.0,20.0,28.6,74.0,2.3,3.0,2.0,1.0
2023-01-22,21.0,37.0,46.0,47.0,7.0,11.0,17.0,29.2,71.0,0.0,5.0,2.0,8.0
2023-01-23,22.0,21.0,32.0,41.8,6.0,13.0,12.0,28.6,70.0,0.0,6.0,2.0,8.0
2023-01-24,23.0,29.0,39.0,44.2,7.0,10.0,20.0,29.1,71.0,1.1,3.2,2.0,1.0
2023-01-25,24.0,30.0,50.0,56.0,6.0,10.0,16.0,27.2,78.0,20.6,5.5,1.0,1.0
2023-01-26,25.0,41.0,45.0,45.0,8.0,11.0,20.0,27.8,79.0,10.8,0.0,1.0,1.0
2023-01-27,26.0,47.0,56.0,44.0,11.0,21.0,25.0,27.6,80.0,27.5,2.4,1.0,1.0
2023-01-28,27.0,33.0,45.0,41.0,8.0,14.0,27.0,25.6,94.0,26.9,0.0,0.0,1.0
2023-01-29,28.0,50.0,60.0,43.0,10.0,20.0,26.0,26.7,86.0,27.0,0.0,1.0,1.0
2023-01-30,29.0,37.0,56.0,44.0,9.0,21.0,27.0,28.0,76.0,13.2,0.0,1.0,1.0
2023-01-31,30.0,50.0,65.0,55.0,9.0,16.0,30.0,27.8,80.0,6.9,3.0,1.0,1.0
2023-02-01,31.0,46.0,57.0,51.0,9.0,23.0,32.0,27.0,85.0,0.5,0.0,1.0,1.0
2023-02-02,32.0,49.0,61.0,43.0,9.0,26.0,29.0,27.2,88.0,31.8,0.2,2.0,1.0
2023-02-03,33.0,28.0,42.0,50.0,5.0,21.0,24.0,26.7,80.0,25.2,0.2,1.0,1.0
2023-02-04,34.0,55.0,71.0,53.0,8.0,25.0,27.0,27.7,83.0,16.7,0.1,2.0,8.0
2023-02-05,35.0,45.0,59.0,45.0,6.0,27.0,17.0,28.4,77.0,10.0,1.2,2.0,1.0
2023-02-06,36.0,34.0,51.0,52.0,6.0,15.0,12.0,29.2,67.0,1.2,5.5,2.0,1.0
2023-02-07,37.0,41.0,52.0,50.0,7.0,14.0,22.0,27.8,78.0,0.0,3.0,1.0,1.0
2023-02-08,38.0,30.0,38.0,40.0,8.0,31.0,24.0,27.1,87.0,62.8,2.0,1.0,1.0
2023-02-09,39.0,31.0,43.0,38.0,6.0,11.0,17.0,27.4,73.0,1.0,2.2,1.0,1.0
2023-02-10,40.0,25.0,30.0,37.0,6.0,19.0,15.0,27.9,77.0,9.6,1.5,2.0,1.0
2023-02-11,41.0,34.0,34.0,35.0,8.0,21.0,19.0,27.5,85.0,25.8,6.3,1.0,1.0
2023-02-12,42.0,20.0,16.0,34.0,5.0,23.0,16.0,25.0,92.0,40.8,1.5,2.0,8.0
2023-02-13,43.0,28.0,26.0,34.0,5.0,23.0,13.0,27.6,78.0,1.8,0.0,1.0,1.0
2023-02-14,44.0,23.0,18.0,34.0,5.0,23.0,11.0,27.3,79.0,5.4,0.9,2.0,9.0
2023-02-15,45.0,21.0,21.0,34.0,6.0,17.0,11.0,28.1,74.0,10.5,0.9,1.0,1.0
2023-02-16,46.0,29.0,30.0,35.0,6.0,20.0,15.0,27.1,82.0,9.5,1.8,1.0,1.0
2023-02-17,47.0,33.0,43.0,39.0,7.0,18.0,21.0,27.0,81.0,31.0,1.8,1.0,1.0
2023-02-18,48.0,54.0,70.0,43.0,11.0,22.0,26.0,27.6,83.0,2.5,0.2,2.0,1.0
2023-02-19,49.0,56.0,73.0,39.0,8.0,27.0,25.0,27.5,82.0,3.8,5.2,1.0,1.0
2023-02-20,50.0,38.0,50.0,39.0,7.0,23.0,14.0,27.5,83.0,0.5,4.3,1.0,1.0
2023-02-21,51.0,24.0,32.0,39.0,8.0,21.0,16.0,28.0,77.0,10.0,6.5,1.0,1.0
2023-02-22,52.0,29.0,31.0,40.0,8.0,23.0,19.0,27.3,84.0,29.7,3.0,1.0,1.0
2023-02-23,53.0,36.0,47.0,40.0,8.6,23.0,23.0,26.9,87.0,21.5,3.2,1.0,1.0
2023-02-24,54.0,28.0,33.0,44.0,10.0,22.0,28.0,25.8,94.0,76.9,3.6,1.0,1.0
2023-02-25,55.0,36.0,45.0,44.0,9.0,27.0,29.0,27.0,86.0,74.1,0.0,2.0,8.0
2023-02-26,56.0,34.0,44.0,44.0,10.0,26.0,23.0,26.7,88.0,36.7,0.4,1.0,1.0
2023-02-27,57.0,32.0,32.0,43.0,10.0,30.0,24.0,27.1,84.0,38.9,0.5,1.0,1.0
2023-02-28,58.0,43.0,54.0,52.0,10.0,19.0,32.0,27.0,84.0,20.3,1.5,1.0,1.0
2023-03-01,59.0,38.0,44.0,50.0,8.0,19.0,27.0,26.7,88.0,12.7,1.0,1.0,1.0
2023-03-02,60.0,29.0,33.0,47.0,11.0,21.0,27.0,25.1,92.0,79.5,0.5,0.0,1.0
2023-03-03,61.0,38.0,46.0,49.0,9.0,16.0,25.0,27.0,84.0,3.8,0.0,1.0,1.0
2023-03-04,62.0,31.0,40.0,50.0,9.6,18.0,21.0,26.8,81.0,42.5,2.2,1.0,1.0
2023-03-05,63.0,33.0,41.0,47.0,11.0,21.0,22.0,26.6,87.0,2.2,2.0,0.0,1.0
2023-03-06,64.0,31.0,44.0,46.0,9.0,20.0,19.0,28.3,71.0,2.3,2.4,2.0,1.0
2023-03-07,65.0,37.0,54.0,50.0,11.0,17.0,19.0,27.7,76.0,0.0,5.2,1.0,1.0
2023-03-08,66.0,42.0,54.0,51.0,12.0,17.0,23.0,26.5,88.0,4.0,8.0,1.0,1.0
2023-03-09,67.0,47.0,58.0,46.0,13.0,22.0,33.0,27.1,83.0,9.5,0.5,1.0,1.0
2023-03-10,68.0,45.0,61.0,46.0,12.0,14.0,28.0,27.8,81.0,10.0,6.1,1.0,1.0
2023-03-11,69.0,44.0,62.0,45.0,12.0,18.0,35.0,28.5,77.0,0.0,8.4,1.0,1.0
2023-03-12,70.0,61.0,83.0,47.0,13.0,17.0,39.0,28.4,80.0,0.0,8.0,1.0,1.0
2023-03-13,71.0,53.0,72.0,48.0,12.0,21.0,33.0,28.4,72.0,0.7,2.6,2.0,1.0
2023-03-14,72.0,51.0,61.0,47.0,12.0,15.0,30.0,27.2,82.0,22.1,7.6,1.0,1.0
2023-03-15,73.0,29.0,42.0,43.0,11.0,23.0,31.0,25.5,90.0,11.0,0.0,1.0,1.0
2023-03-16,74.0,64.0,84.0,46.0,15.0,21.0,44.0,27.4,82.0,2.4,0.0,1.0,1.0
2023-03-17,75.0,49.0,59.0,44.0,11.0,21.0,28.0,28.6,75.0,1.0,8.0,2.0,1.0
2023-03-18,76.0,44.0,60.0,45.0,12.0,20.0,34.0,28.3,78.0,3.7,9.1,1.0,1.0
2023-03-19,77.0,53.0,67.0,46.0,12.0,24.0,29.0,28.7,81.0,0.0,8.0,2.0,1.0
2023-03-20,78.0,54.0,76.0,47.0,13.0,28.0,33.0,28.7,75.0,0.0,6.0,1.0,1.0
2023-03-21,79.0,54.0,71.0,47.0,14.0,20.0,45.0,29.2,69.0,0.0,7.6,0.0,1.0
2023-03-22,80.0,50.8,66.6,45.8,12.4,22.6,33.8,29.1,76.0,0.5,7.0,0.0,1.0
2023-03-23,81.0,50.8,66.6,45.8,12.4,22.6,33.8,29.3,76.0,0.1,6.7,1.0,1.0
2023-03-24,82.0,50.6,66.2,45.6,11.8,24.4,29.8,29.3,78.0,0.0,7.0,1.0,1.0
2023-03-25,83.0,53.0,69.0,46.0,11.0,29.0,25.0,27.9,83.0,4.7,5.0,1.0,1.0
2023-03-26,84.0,45.0,64.0,45.0,13.0,25.0,25.0,26.8,88.0,48.7,3.0,1.0,1.0
2023-03-27,85.0,35.0,52.0,45.0,13.0,27.0,25.0,27.4,84.0,44.6,6.5,1.0,1.0
2023-03-28,86.0,55.0,72.0,46.0,17.0,19.0,34.0,27.3,86.0,4.2,3.0,0.0,1.0
2023-03-29,87.0,56.0,74.0,46.0,16.0,21.0,33.0,27.5,79.0,13.7,0.0,1.0,1.0
2023-03-30,88.0,49.0,66.0,52.0,15.0,22.0,32.0,26.3,92.0,48.0,2.8,0.0,1.0
2023-03-31,89.0,45.0,57.0,49.0,13.0,22.0,29.0,28.8,70.0,3.2,4.0,2.0,1.0
2023-04-01,90.0,34.0,44.0,51.0,11.0,20.0,19.0,28.1,74.0,0.0,3.0,2.0,8.0
2023-04-02,91.0,29.0,46.0,49.0,12.0,24.0,17.0,28.8,76.0,1.2,0.3,1.0,1.0
2023-04-03,92.0,53.0,71.0,52.0,13.0,19.0,29.0,28.1,74.0,1.0,6.9,1.0,1.0
2023-04-04,93.0,46.0,61.0,51.0,13.0,12.0,24.0,28.7,72.0,18.4,6.7,1.0,1.0
2023-04-05,94.0,44.0,68.0,51.0,14.0,22.0,29.0,29.0,69.0,0.0,3.2,1.0,1.0
2023-04-06,95.0,47.0,63.0,49.0,13.0,14.0,31.0,30.3,56.0,0.0,9.2,1.0,1.0
2023-04-07,96.0,43.0,65.0,52.0,12.0,21.0,23.0,28.7,69.0,0.0,5.6,1.0,1.0
2023-04-08,97.0,59.0,82.0,51.0,12.0,35.0,26.0,28.9,74.0,0.0,8.0,1.0,1.0
2023-04-09,98.0,57.0,79.0,52.0,13.0,23.0,27.0,29.5,74.0,1.0,7.6,2.0,9.0
2023-04-10,99.0,38.0,53.0,48.0,11.0,17.0,18.0,29.1,70.0,0.2,5.0,2.0,9.0
2023-04-11,100.0,27.0,51.0,47.0,12.0,14.0,17.0,28.9,75.0,3.0,2.9,3.0,8.0
2023-04-12,101.0,31.0,51.0,46.0,11.0,9.0,14.0,29.6,66.0,1.5,5.2,2.0,9.0
2023-04-13,102.0,27.0,49.0,45.0,10.0,11.0,14.0,29.4,73.0,0.0,5.5,1.0,1.0
2023-04-14,103.0,33.0,57.0,48.0,12.0,14.0,26.0,28.3,79.0,0.0,3.4,2.0,1.0
2023-04-15,104.0,65.0,94.0,52.0,12.0,27.0,53.0,28.3,81.0,66.6,5.8,1.0,1.0
2023-04-16,105.0,48.0,63.0,50.0,11.0,21.0,22.0,28.9,80.0,2.0,6.8,1.0,1.0
2023-04-17,106.0,42.0,58.0,48.0,11.0,18.0,24.0,29.3,76.0,12.0,5.5,1.0,1.0
2023-04-18,107.0,51.0,72.0,52.0,9.0,27.0,26.0,29.1,81.0,13.2,7.2,1.0,1.0
2023-04-19,108.0,51.0,75.0,50.0,9.0,33.0,27.0,29.7,79.0,1.2,4.8,1.0,1.0
2023-04-20,109.0,43.0,60.0,45.0,11.0,35.0,27.0,28.9,80.0,29.5,7.6,0.0,1.0
2023-04-21,110.0,49.0,71.0,46.0,9.0,36.0,23.0,29.2,81.0,5.8,3.7,1.0,1.0
2023-04-22,111.0,45.0,66.0,46.0,11.0,32.0,18.0,29.6,76.0,2.5,6.4,1.0,1.0
2023-04-23,112.0,45.0,64.0,50.0,8.0,38.0,12.0,29.8,76.0,0.1,7.0,1.0,1.0
2023-04-24,113.0,42.0,64.0,47.0,9.0,32.0,21.0,29.5,79.0,3.6,7.0,1.0,1.0
2023-04-25,114.0,33.0,48.0,45.0,9.0,25.0,19.0,28.5,81.0,9.7,7.5,0.0,1.0
2023-04-26,115.0,35.0,53.0,46.0,11.0,23.0,21.0,28.7,80.0,4.9,3.2,1.0,1.0
2023-04-27,116.0,50.0,68.0,45.0,11.0,30.0,31.0,29.6,79.0,1.3,7.4,1.0,1.0
2023-04-28,117.0,34.0,51.0,45.0,8.0,29.0,21.0,29.4,79.0,0.0,5.8,1.0,1.0
2023-04-29,118.0,52.0,81.0,46.0,13.0,36.0,31.0,28.6,83.0,0.0,4.7,1.0,1.0
2023-04-30,119.0,61.0,87.0,50.0,10.0,42.0,26.0,29.6,76.0,0.5,3.0,1.0,1.0
2023-05-01,120.0,49.0,69.0,47.0,9.0,34.0,21.0,28.8,80.0,0.0,4.8,0.0,1.0
2023-05-02,121.0,64.0,98.0,50.0,11.0,34.0,32.0,29.0,84.0,0.0,1.4,1.0,1.0
2023-05-03,122.0,52.0,68.0,50.0,9.0,32.0,29.0,29.8,79.0,0.5,3.0,1.0,1.0
2023-05-04,123.0,35.0,51.0,46.0,10.0,29.0,31.0,29.4,79.0,2.5,3.8,1.0,1.0
2023-05-05,124.0,45.0,63.0,46.0,12.0,38.0,35.0,29.2,80.0,4.7,6.6,1.0,1.0
2023-05-06,125.0,49.0,66.0,45.0,9.0,41.0,31.0,28.8,82.0,18.1,3.9,0.0,1.0
2023-05-07,126.0,54.0,80.0,49.0,12.0,33.0,34.0,28.5,83.0,17.1,3.4,1.0,1.0
2023-05-08,127.0,51.0,69.0,48.0,11.0,40.0,30.0,28.7,78.0,45.5,4.7,1.0,1.0
2023-05-09,128.0,48.0,71.0,50.0,11.0,25.0,34.0,30.4,75.0,1.1,3.0,1.0,1.0
2023-05-10,129.0,65.0,92.0,52.0,10.0,34.0,30.0,30.3,76.0,0.0,3.6,1.0,1.0
2023-05-11,130.0,61.0,84.0,53.0,10.0,33.0,25.0,29.2,80.0,0.0,6.2,1.0,1.0
2023-05-12,131.0,31.0,41.0,52.0,9.0,15.0,16.0,30.8,72.0,6.2,1.3,1.0,1.0
2023-05-13,132.0,39.0,63.0,52.0,10.0,28.0,24.0,29.0,82.0,29.9,7.0,1.0,1.0
2023-05-14,133.0,37.0,63.0,50.0,9.0,30.0,29.0,29.5,69.0,20.0,6.5,1.0,1.0
2023-05-15,134.0,46.0,71.0,51.0,12.0,21.0,32.0,28.7,72.0,0.0,6.0,1.0,1.0
2023-05-16,135.0,56.0,77.0,51.0,12.0,21.0,35.0,29.7,70.0,0.0,6.6,0.0,1.0
2023-05-17,136.0,61.0,81.0,52.0,11.0,18.0,32.0,29.6,71.0,0.0,7.5,1.0,1.0
2023-05-18,137.0,57.0,84.0,53.0,10.0,25.0,25.0,29.2,73.0,0.0,6.2,0.0,1.0
2023-05-19,138.0,60.0,91.0,52.0,12.0,24.0,34.0,29.6,74.0,0.0,0.0,1.0,1.0
2023-05-20,139.0,63.0,93.0,53.0,10.0,23.0,28.0,29.4,76.0,0.0,3.3,1.0,1.0
2023-05-21,140.0,66.0,99.0,52.0,10.0,27.0,27.0,29.6,79.0,0.7,2.5,1.0,1.0
2023-05-22,141.0,60.0,86.0,47.0,11.0,37.0,36.0,29.1,78.0,1.8,6.0,0.0,1.0
2023-05-23,142.0,68.0,96.0,51.0,10.0,21.0,35.0,29.3,75.0,1.8,5.3,1.0,1.0
2023-05-24,143.0,66.0,101.0,52.0,11.0,16.0,38.0,29.4,73.0,0.0,4.2,1.0,1.0
2023-05-25,144.0,64.0,93.0,52.0,14.0,25.0,32.0,29.4,72.0,0.4,2.0,1.0,1.0
2023-05-26,145.0,66.0,99.0,39.0,15.0,30.0,32.0,30.1,72.0,0.0,5.2,1.0,1.0
2023-05-27,146.0,67.0,98.0,41.0,11.0,32.0,26.0,29.5,76.0,0.5,4.4,1.0,1.0
2023-05-28,147.0,57.0,89.0,38.0,10.0,32.0,29.0,28.7,80.0,17.8,2.5,1.0,1.0
2023-05-29,148.0,65.0,98.0,38.0,11.0,26.0,30.0,29.9,75.0,5.0,2.5,1.0,1.0
2023-05-30,149.0,62.0,93.0,39.0,10.0,31.0,27.0,29.6,75.0,0.0,3.7,1.0,1.0
2023-05-31,150.0,60.0,89.0,37.0,10.0,31.0,36.0,29.8,73.0,0.0,4.0,0.0,1.0
2023-06-01,151.0,58.0,84.0,40.0,11.0,29.0,28.0,29.3,74.0,1.6,5.0,1.0,1.0
2023-06-02,152.0,62.0,91.0,41.0,10.0,31.0,19.0,29.9,73.0,5.9,6.5,1.0,1.0
2023-06-03,153.0,60.0,86.0,40.0,10.0,26.0,19.0,30.2,72.0,0.0,5.7,1.0,1.0
2023-06-04,154.0,59.0,89.0,37.0,10.0,25.0,22.0,29.5,75.0,0.0,6.2,1.0,1.0
2023-06-05,155.0,54.0,75.0,36.0,12.0,29.0,24.0,29.6,74.0,1.6,4.0,1.0,1.0
2023-06-06,156.0,59.0,76.0,35.0,12.0,21.0,27.0,27.8,82.0,0.3,4.4,0.0,1.0
2023-06-07,157.0,54.0,78.0,38.0,12.0,20.0,31.0,29.8,72.0,1.7,0.0,1.0,1.0
2023-06-08,158.0,54.0,81.0,44.0,11.0,21.0,22.0,29.9,75.0,0.0,4.0,1.0,1.0
2023-06-09,159.0,56.0,75.0,43.0,13.0,15.0,23.0,29.2,73.0,0.0,3.5,1.0,1.0
2023-06-10,160.0,48.0,74.0,38.0,11.0,31.0,25.0,29.5,75.0,0.0,5.2,1.0,1.0
2023-06-11,161.0,63.0,92.0,42.0,11.0,32.0,23.0,29.1,73.0,0.0,4.0,1.0,1.0
2023-06-12,162.0,60.0,89.0,38.0,12.0,23.0,24.0,30.1,72.0,0.0,5.6,1.0,1.0
2023-06-13,163.0,57.0,80.0,44.0,10.0,19.0,26.0,30.1,74.0,0.0,3.4,1.0,1.0
2023-06-14,164.0,56.0,81.0,39.0,11.0,24.0,26.0,29.7,75.0,5.5,2.5,0.0,1.0
2023-06-15,165.0,60.0,92.0,40.0,11.0,20.0,32.0,29.5,74.0,0.0,2.4,1.0,1.0
2023-06-16,166.0,56.0,75.0,36.0,11.0,28.0,25.0,26.2,94.0,0.0,2.0,0.0,1.0
2023-06-17,167.0,57.0,85.0,46.0,13.0,23.0,28.0,27.9,81.0,29.3,0.0,1.0,1.0
2023-06-18,168.0,58.0,87.0,44.0,10.0,21.0,27.0,28.7,80.0,0.0,1.5,1.0,1.0
2023-06-19,169.0,42.0,64.0,36.0,11.0,31.0,25.0,27.4,88.0,0.0,2.3,1.0,1.0
2023-06-20,170.0,56.0,75.0,41.0,14.0,25.0,28.0,28.6,78.0,26.9,0.2,1.0,1.0
2023-06-21,171.0,55.0,87.0,41.0,10.0,36.0,26.0,29.5,77.0,0.0,3.3,1.0,1.0
2023-06-22,172.0,63.0,98.0,37.0,13.0,33.0,35.0,29.2,78.0,2.5,3.9,1.0,1.0
2023-06-23,173.0,55.0,78.0,39.0,10.0,28.0,24.0,29.4,77.0,1.0,3.7,2.0,1.0
2023-06-24,174.0,51.0,74.0,37.0,10.0,34.0,29.0,28.6,79.0,0.0,3.6,1.0,1.0
2023-06-25,175.0,55.0,83.0,36.0,10.0,39.0,24.0,28.7,81.0,31.4,4.2,1.0,1.0
2023-06-26,176.0,54.0,77.0,37.0,12.0,33.0,29.0,28.5,75.0,3.5,2.6,1.0,1.0
2023-06-27,177.0,64.0,94.0,42.0,11.0,28.0,30.0,28.8,76.0,0.0,3.7,1.0,1.0
2023-06-28,178.0,43.0,67.0,38.0,11.0,25.0,25.0,29.1,68.0,0.0,4.0,1.0,1.0
2023-06-29,179.0,36.0,56.0,37.0,9.0,24.0,16.0,28.7,77.0,30.6,4.2,1.0,1.0
2023-06-30,180.0,38.0,65.0,36.0,10.0,28.0,18.0,29.1,76.0,0.0,3.5,2.0,1.0
2023-07-01,181.0,55.0,83.0,38.0,12.0,20.0,28.0,29.2,78.0,0.0,4.8,1.0,1.0
2023-07-02,182.0,55.0,83.0,37.0,11.0,26.0,27.0,29.3,75.0,0.0,2.7,1.0,1.0
2023-07-03,183.0,55.0,81.0,40.0,10.0,24.0,28.0,29.1,74.0,0.0,8.2,1.0,1.0
2023-07-04,184.0,53.0,76.0,38.0,12.0,25.0,31.0,28.7,74.0,0.0,3.5,0.0,1.0
2023-07-05,185.0,62.0,95.0,43.0,11.0,23.0,35.0,29.3,73.0,0.0,5.5,1.0,1.0
2023-07-06,186.0,66.0,101.0,39.0,11.0,22.0,35.0,27.8,82.0,1.6,6.0,0.0,1.0
2023-07-07,187.0,65.0,97.0,45.0,11.0,32.0,35.0,28.2,78.0,2.5,1.5,0.0,1.0
2023-07-08,188.0,54.0,69.0,38.0,11.0,21.0,29.0,28.1,80.0,1.2,1.2,1.0,1.0
2023-07-09,189.0,42.0,67.0,38.0,12.0,15.0,23.0,28.5,76.0,0.0,2.4,2.0,6.0
2023-07-10,190.0,42.0,62.0,40.0,10.0,17.0,17.0,29.3,73.0,0.0,4.5,1.0,1.0
2023-07-11,191.0,52.0,73.0,42.0,11.0,13.0,27.0,29.1,72.0,0.0,3.4,1.0,1.0
2023-07-12,192.0,57.0,89.0,40.0,12.0,25.0,32.0,29.1,76.0,0.1,6.6,1.0,1.0
2023-07-13,193.0,63.0,92.0,40.0,12.0,36.0,33.0,28.9,72.0,0.0,6.3,1.0,1.0
2023-07-14,194.0,59.0,90.0,39.0,12.0,36.0,35.0,29.0,72.0,1.6,4.5,1.0,1.0
2023-07-15,195.0,56.0,82.0,40.0,11.0,21.0,28.0,28.9,73.0,0.0,4.0,2.0,1.0
2023-07-16,196.0,55.0,82.0,41.0,11.0,21.0,25.0,28.9,74.0,0.0,5.0,1.0,1.0
2023-07-17,197.0,52.0,76.0,38.0,12.0,24.0,22.0,29.3,68.0,0.0,5.6,1.0,1.0
2023-07-18,198.0,60.0,87.0,40.0,11.0,21.0,24.0,28.8,67.0,0.0,5.0,1.0,1.0
2023-07-19,199.0,56.0,84.0,39.0,11.0,23.0,22.0,29.5,59.0,0.0,6.6,1.0,1.0
2023-07-20,200.0,52.0,80.0,39.0,14.0,27.0,25.0,27.9,61.0,0.0,6.8,1.0,1.0
2023-07-21,201.0,62.0,94.0,41.0,16.0,24.0,38.0,28.8,67.0,0.0,6.6,1.0,1.0
2023-07-22,202.0,74.0,114.0,42.0,13.0,30.0,35.0,29.1,70.0,0.0,4.0,1.0,1.0
2023-07-23,203.0,58.0,84.0,41.0,12.0,23.0,25.0,29.0,68.0,0.0,6.0,1.0,1.0
2023-07-24,204.0,57.0,77.0,38.0,11.0,33.0,23.0,28.8,76.0,0.0,6.8,1.0,1.0
2023-07-25,205.0,63.0,97.0,42.0,11.0,36.0,34.0,28.0,78.0,3.1,2.7,0.0,1.0
2023-07-26,206.0,63.0,92.0,38.0,11.0,25.0,33.0,28.0,74.0,0.0,3.3,1.0,1.0
2023-07-27,207.0,71.0,109.0,41.0,13.0,26.0,43.0,29.0,72.0,1.0,1.5,1.0,1.0
2023-07-28,208.0,67.0,94.0,44.0,11.0,24.0,32.0,28.9,68.0,0.6,1.0,1.0,1.0
2023-07-29,209.0,63.0,93.0,42.0,11.0,27.0,27.0,28.6,67.0,0.0,6.3,2.0,4.0
2023-07-30,210.0,62.0,93.0,42.0,11.0,32.0,20.0,28.5,66.0,0.0,6.0,2.0,1.0
2023-07-31,211.0,60.0,83.0,39.0,12.0,26.0,20.0,28.2,65.0,0.1,4.8,1.0,1.0
2023-08-01,212.0,56.0,79.0,41.0,10.0,19.0,24.0,28.7,68.0,0.0,6.0,2.0,4.0
2023-08-02,213.0,51.0,74.0,42.0,9.0,22.0,24.0,29.4,72.0,0.0,7.0,2.0,6.0
2023-08-03,214.0,60.0,82.0,40.0,9.0,32.0,29.0,29.4,75.0,0.0,0.7,1.0,1.0
2023-08-04,215.0,62.0,91.0,38.0,11.0,39.0,24.0,29.6,74.0,0.0,3.5,1.0,1.0
2023-08-05,216.0,57.0,91.0,39.0,8.0,33.0,22.0,29.4,71.0,0.0,6.5,1.0,1.0
2023-08-06,217.0,58.0,97.0,39.0,11.0,30.0,22.0,28.8,73.0,0.0,6.8,2.0,1.0
2023-08-07,218.0,72.0,114.0,40.0,13.0,28.0,39.0,28.8,76.0,0.0,7.0,1.0,1.0
2023-08-08,219.0,67.0,90.0,41.0,10.0,19.0,29.0,29.0,77.0,6.7,5.2,2.0,1.0
2023-08-09,220.0,58.0,79.0,39.0,9.0,24.0,24.0,28.7,75.0,0.0,7.0,0.0,1.0
2023-08-10,221.0,58.0,87.0,41.0,10.0,27.0,31.0,28.3,76.0,0.0,7.2,1.0,1.0
2023-08-11,222.0,66.0,96.0,40.0,10.0,29.0,29.0,28.6,74.0,0.0,6.7,2.0,1.0
2023-08-12,223.0,66.0,98.0,42.0,12.0,28.0,28.0,28.8,66.0,0.0,5.0,1.0,1.0
2023-08-13,224.0,59.0,87.0,43.0,12.0,27.0,24.0,28.2,70.0,0.0,7.0,1.0,1.0
2023-08-14,225.0,56.0,82.0,42.0,12.0,30.0,25.0,28.4,72.0,0.0,6.7,2.0,1.0
2023-08-15,226.0,61.0,90.0,46.0,11.0,26.0,33.0,28.4,74.0,0.0,7.0,1.0,1.0
2023-08-16,227.0,63.0,93.0,42.0,12.0,28.0,35.0,28.8,72.0,3.7,7.0,1.0,1.0
2023-08-17,228.0,61.0,87.0,42.0,11.0,21.0,29.0,28.2,70.0,0.4,5.5,1.0,1.0
2023-08-18,229.0,46.0,67.0,40.0,12.0,24.0,22.0,28.2,71.0,0.0,7.2,2.0,1.0
2023-08-19,230.0,56.0,84.0,41.0,12.0,28.0,28.0,28.9,71.0,0.0,6.8,2.0,1.0
2023-08-20,231.0,59.0,86.0,42.0,13.0,30.0,20.0,29.4,72.0,0.0,7.0,1.0,1.0
2023-08-21,232.0,57.0,82.0,40.0,13.0,28.0,21.0,29.2,68.0,0.0,6.8,1.0,1.0
2023-08-22,233.0,59.0,88.0,42.0,14.0,25.0,30.0,28.8,70.0,0.0,4.5,2.0,1.0
2023-08-23,234.0,64.0,96.0,41.0,14.0,29.0,37.0,29.0,68.0,0.0,4.5,2.0,1.0
2023-08-24,235.0,64.0,89.0,45.0,12.0,26.0,27.0,29.2,70.0,0.0,5.5,1.0,1.0
2023-08-25,236.0,60.0,90.0,45.0,13.0,40.0,35.0,28.8,74.0,1.6,7.2,1.0,1.0
2023-08-26,237.0,77.0,84.0,42.0,8.0,30.0,23.0,29.1,74.0,0.0,7.4,1.0,1.0
2023-08-27,238.0,64.0,94.0,40.0,12.0,42.0,23.0,29.0,76.0,0.0,4.5,1.0,1.0
2023-08-28,239.0,62.0,85.0,41.0,13.0,28.0,30.0,28.7,71.0,1.8,5.0,1.0,1.0
2023-08-29,240.0,63.0,90.0,45.0,14.0,23.0,30.0,28.7,71.0,0.4,5.0,0.0,1.0
2023-08-30,241.0,64.0,90.0,44.0,13.0,32.0,32.0,28.5,72.0,0.0,7.5,2.0,1.0
2023-08-31,242.0,68.0,104.0,44.0,13.0,39.0,34.0,28.2,73.0,0.0,7.5,1.0,1.0
2023-09-01,243.0,71.0,101.0,42.0,12.0,35.0,37.0,28.0,72.0,3.7,7.0,1.0,1.0
2023-09-02,244.0,74.0,108.0,43.0,11.0,34.0,33.0,28.5,71.0,0.0,7.4,1.0,1.0
2023-09-03,245.0,63.0,93.0,43.0,11.0,42.0,20.0,28.9,68.0,0.0,4.7,1.0,1.0
2023-09-04,246.0,62.0,89.0,45.0,11.0,31.0,29.0,28.3,62.0,0.0,5.5,1.0,1.0
2023-09-05,247.0,66.0,99.0,46.0,16.0,27.0,36.0,28.4,63.0,0.0,7.5,0.0,1.0
2023-09-06,248.0,60.0,93.0,47.0,16.0,32.0,35.0,28.7,65.0,0.0,8.0,0.0,1.0
2023-09-07,249.0,62.0,95.0,47.0,15.0,33.0,30.0,28.7,70.0,0.0,9.2,1.0,1.0
2023-09-08,250.0,66.0,102.0,49.0,14.0,24.0,34.0,29.0,74.0,0.0,9.3,1.0,1.0
2023-09-09,251.0,46.0,88.0,54.0,13.0,26.0,27.0,29.3,72.0,0.0,8.0,1.0,1.0
2023-09-10,252.0,58.0,82.0,41.0,11.0,29.0,23.0,28.4,66.0,0.0,8.0,1.0,1.0
2023-09-11,253.0,62.0,91.0,41.0,10.0,35.0,29.0,29.1,66.0,0.0,6.7,1.0,1.0
2023-09-12,254.0,56.0,82.0,41.0,10.0,18.0,24.0,29.6,65.0,0.0,6.0,1.0,1.0
2023-09-13,255.0,55.0,86.0,41.0,10.0,31.0,26.0,29.5,67.0,0.0,8.0,0.0,1.0
2023-09-14,256.0,55.0,73.0,42.0,9.0,29.0,29.0,29.2,64.0,0.0,7.0,1.0,1.0
2023-09-15,257.0,58.0,82.0,44.0,8.0,29.0,27.0,29.5,65.0,0.0,8.2,1.0,1.0
2023-09-16,258.0,60.0,88.0,46.0,7.0,33.0,26.0,29.3,68.0,0.0,9.0,1.0,1.0
2023-09-17,259.0,57.0,76.0,43.0,6.0,33.0,20.0,29.1,70.0,0.0,8.0,1.0,1.0
2023-09-18,260.0,53.0,76.0,42.0,6.0,32.0,20.0,29.0,73.0,0.0,7.4,1.0,1.0
2023-09-19,261.0,60.0,88.0,41.0,9.0,33.0,30.0,29.7,72.0,0.0,8.2,0.0,1.0
2023-09-20,262.0,62.0,84.0,43.0,8.0,21.0,33.0,28.9,73.0,0.0,3.0,0.0,1.0
2023-09-21,263.0,61.0,84.0,44.0,8.0,29.0,32.0,29.3,70.0,0.0,8.0,1.0,1.0
2023-09-22,264.0,60.0,87.0,44.0,9.0,29.0,30.0,28.8,70.0,0.0,7.0,1.0,1.0
2023-09-23,265.0,57.0,86.0,45.0,8.0,33.0,31.0,28.9,66.0,0.0,8.0,1.0,1.0
2023-09-24,266.0,55.0,78.0,44.0,7.0,30.0,23.0,28.7,72.0,0.0,3.6,1.0,1.0
2023-09-25,267.0,59.0,84.0,46.0,9.0,35.0,30.0,29.3,66.0,0.0,6.0,1.0,1.0
2023-09-26,268.0,58.0,89.0,45.0,8.0,27.0,34.0,29.5,66.0,0.0,9.0,0.0,1.0
2023-09-27,269.0,57.0,88.0,46.0,9.0,23.0,33.0,29.8,58.0,0.0,9.0,1.0,1.0
2023-09-28,270.0,58.0,99.0,46.0,8.0,29.0,23.0,30.0,58.0,0.0,9.8,1.0,1.0
2023-09-29,271.0,58.0,88.0,47.0,8.0,29.0,22.0,30.4,59.0,0.0,9.5,1.0,1.0
2023-09-30,272.0,66.4,102.8,43.0,7.0,33.0,30.6,29.1,70.0,0.0,9.2,1.0,1.0
2023-10-01,273.0,75.0,122.0,43.0,5.0,37.0,29.0,28.9,72.0,0.0,8.0,1.0,1.0
2023-10-02,274.0,76.0,122.0,43.0,8.0,35.0,31.0,29.2,70.0,0.0,4.3,1.0,1.0
2023-10-03,275.0,58.0,86.0,41.0,7.0,36.0,26.0,29.2,67.0,0.0,4.8,2.0,1.0
2023-10-04,276.0,65.0,95.0,43.0,7.0,30.0,33.0,29.0,74.0,1.6,8.0,1.0,1.0
2023-10-05,277.0,62.0,89.0,46.0,5.0,27.0,26.0,29.8,74.0,0.0,8.0,0.0,1.0
2023-10-06,278.0,59.0,86.0,46.0,5.0,39.0,26.0,29.3,76.0,2.7,8.5,1.0,1.0
2023-10-07,279.0,72.0,107.0,46.0,5.0,30.0,38.0,29.6,74.0,0.0,4.4,1.0,1.0
2023-10-08,280.0,64.0,92.0,49.0,4.0,29.0,27.0,29.7,73.0,0.0,4.9,1.0,1.0
2023-10-09,281.0,58.0,85.0,48.0,5.0,25.0,23.0,30.1,72.0,0.0,7.5,1.0,1.0
2023-10-10,282.0,59.0,78.0,50.0,5.0,36.0,26.0,30.7,65.0,0.0,8.0,1.0,1.0
2023-10-11,283.0,53.0,74.0,48.0,4.0,31.0,26.0,30.1,72.0,0.0,7.0,1.0,1.0
2023-10-12,284.0,62.0,93.0,47.0,4.0,34.0,33.0,30.2,74.0,0.0,6.2,1.0,1.0
2023-10-13,285.0,63.0,89.0,47.0,3.0,41.0,26.0,30.1,74.0,0.0,7.6,2.0,1.0
2023-10-14,286.0,65.0,102.0,47.0,7.0,24.0,32.0,30.3,65.0,0.0,7.0,2.0,1.0
2023-10-15,287.0,62.0,98.0,48.0,6.2,25.0,22.0,30.8,61.0,0.0,6.0,1.0,1.0
2023-10-16,288.0,59.0,96.0,50.0,5.4,31.0,24.0,30.1,69.0,0.0,5.7,1.0,1.0
2023-10-17,289.0,61.0,93.0,49.0,5.0,43.0,25.0,31.8,60.0,0.0,8.0,2.0,1.0
2023-10-18,290.0,64.0,108.0,50.0,9.0,29.0,34.0,30.3,62.0,0.0,7.6,2.0,1.0
2023-10-19,291.0,65.0,93.0,51.0,9.0,25.0,30.0,30.7,66.0,0.0,7.5,1.0,1.0
2023-10-20,292.0,62.0,78.0,50.0,6.0,29.0,23.0,29.9,73.0,6.5,6.4,2.0,1.0
2023-10-21,293.0,63.0,88.0,49.0,6.0,24.0,33.0,30.2,71.0,0.0,7.2,1.0,1.0
2023-10-22,294.0,60.0,91.0,47.0,4.0,37.0,25.0,30.4,65.0,0.0,8.0,1.0,1.0
2023-10-23,295.0,62.0,86.0,48.0,6.0,37.0,27.0,29.9,68.5,0.0,8.0,1.0,1.0
2023-10-24,296.0,63.0,96.0,47.0,5.0,21.0,35.0,29.4,72.0,0.0,8.0,1.0,1.0
2023-10-25,297.0,58.0,81.0,44.0,5.0,31.0,32.0,29.5,72.0,0.4,2.0,1.0,1.0
2023-10-26,298.0,65.0,99.0,46.0,8.0,31.0,37.0,30.1,72.0,0.0,4.4,1.0,1.0
2023-10-27,299.0,67.0,102.0,47.0,8.0,29.0,36.0,30.1,72.0,0.0,7.0,0.0,1.0
2023-10-28,300.0,66.0,97.0,47.0,6.0,34.0,36.0,30.3,68.0,0.8,7.0,1.0,1.0
2023-10-29,301.0,65.0,94.0,47.0,7.0,36.0,26.0,29.8,69.0,0.0,8.0,1.0,1.0
2023-10-30,302.0,59.0,83.0,45.0,6.0,40.0,29.0,30.7,67.0,0.0,7.8,1.0,1.0
2023-10-31,303.0,67.0,95.0,45.0,5.0,48.0,33.0,29.8,74.0,10.9,6.5,1.0,1.0
2023-11-01,304.0,61.0,86.0,42.0,8.0,38.0,41.0,29.8,72.0,8.0,4.3,1.0,1.0
2023-11-02,305.0,58.0,84.0,42.0,6.0,35.0,38.0,30.3,71.0,0.0,3.5,1.0,1.0
2023-11-03,306.0,64.0,89.0,43.0,9.0,39.0,37.0,30.2,70.0,0.0,4.0,1.0,1.0
2023-11-04,307.0,68.0,97.0,45.0,8.0,33.0,41.0,28.2,80.0,30.3,4.2,1.0,1.0
2023-11-05,308.0,51.0,63.0,44.0,8.0,40.0,29.0,28.7,80.0,28.0,1.5,1.0,1.0
2023-11-06,309.0,53.0,73.0,43.0,8.0,34.0,29.0,30.1,75.0,0.0,0.6,0.0,1.0
2023-11-07,310.0,60.0,85.0,43.0,7.0,37.0,30.0,30.4,71.0,0.0,5.2,2.0,1.0
2023-11-08,311.0,55.0,74.0,41.0,6.0,40.0,25.0,30.4,72.0,0.0,3.2,1.0,1.0
2023-11-09,312.0,61.0,89.0,44.0,6.0,46.0,30.0,30.0,72.0,0.0,0.0,1.0,1.0
2023-11-10,313.0,64.0,107.0,44.0,8.0,41.0,33.0,29.2,79.0,0.0,0.0,1.0,1.0
2023-11-11,314.0,64.0,89.0,39.0,15.0,35.0,30.0,29.3,76.0,4.5,0.0,1.0,1.0
2023-11-12,315.0,57.0,79.0,42.0,16.0,45.0,25.0,30.1,71.0,0.0,0.0,1.0,1.0
2023-11-13,316.0,58.0,81.0,43.0,18.0,36.0,29.0,31.2,67.0,0.6,0.0,1.0,1.0
2023-11-14,317.0,57.0,79.0,43.0,16.0,34.0,26.0,29.7,76.0,2.7,8.0,1.0,1.0
2023-11-15,318.0,47.0,66.0,40.0,16.0,38.0,30.0,29.6,74.0,39.0,0.0,1.0,1.0
2023-11-16,319.0,57.0,81.0,42.0,16.0,41.0,37.0,29.7,74.0,7.0,4.2,2.0,1.0
2023-11-17,320.0,52.0,75.0,41.0,16.0,40.0,36.0,29.8,75.0,11.0,7.6,1.0,1.0
2023-11-18,321.0,53.0,120.0,41.0,14.0,34.0,31.0,29.2,76.0,0.4,6.2,1.0,1.0
2023-11-19,322.0,54.0,80.0,43.0,16.0,32.0,24.0,29.6,78.0,1.0,6.0,1.0,1.0
2023-11-20,323.0,52.0,75.0,43.0,15.0,39.0,24.0,30.4,69.0,4.0,7.8,1.0,1.0
2023-11-21,324.0,57.0,87.0,44.0,15.0,36.0,30.0,30.2,72.0,0.0,6.3,2.0,1.0
2023-11-22,325.0,50.0,69.0,42.0,13.0,43.0,30.0,30.0,73.0,15.0,6.8,2.0,1.0
2023-11-23,326.0,56.0,93.0,44.0,11.0,38.0,30.0,29.2,78.0,3.1,3.0,1.0,1.0
2023-11-24,327.0,70.0,101.0,44.0,11.0,33.0,38.0,28.6,82.0,0.0,0.0,1.0,1.0
2023-11-25,328.0,65.0,83.0,43.0,14.0,4.0,29.0,26.1,89.0,3.5,1.0,0.0,1.0
2023-11-26,329.0,55.0,75.0,43.0,15.0,15.0,25.0,29.1,75.0,18.1,0.0,1.0,1.0
2023-11-27,330.0,58.0,76.0,43.0,14.0,31.0,26.0,28.2,78.0,13.0,5.2,1.0,1.0
2023-11-28,331.0,62.0,96.0,45.0,15.0,29.0,34.0,29.5,73.0,8.6,0.0,0.0,1.0
2023-11-29,332.0,58.0,82.0,44.0,11.0,31.0,26.0,29.8,76.0,2.5,5.7,0.0,1.0
2023-11-30,333.0,38.0,67.0,43.0,12.0,34.0,34.0,28.3,80.0,18.1,6.2,1.0,1.0
2023-12-01,334.0,54.0,73.0,36.0,12.0,22.0,13.0,26.9,87.0,3.0,2.3,0.0,1.0
2023-12-02,335.0,53.0,67.0,39.0,11.0,14.0,12.0,29.4,74.0,1.1,0.0,1.0,1.0
2023-12-03,336.0,60.0,76.0,38.0,10.0,22.0,12.0,28.6,78.0,1.1,6.1,1.0,1.0
2023-12-04,337.0,58.0,76.0,35.0,13.0,20.0,12.0,26.7,86.0,2.3,1.7,0.0,1.0
2023-12-05,338.0,54.0,74.0,35.0,10.0,20.0,12.0,29.4,74.0,1.4,0.0,1.0,1.0
2023-12-06,339.0,58.0,79.0,35.0,14.0,13.0,13.0,29.4,74.0,10.9,6.5,1.0,1.0
2023-12-07,340.0,48.0,68.0,34.0,11.0,18.0,12.0,29.2,79.0,0.0,6.7,1.0,1.0
2023-12-08,341.0,51.0,62.0,33.0,9.0,24.0,11.0,29.4,76.0,0.0,0.6,1.0,1.0
2023-12-09,342.0,58.0,73.0,34.0,12.0,18.0,14.0,29.1,76.0,0.0,3.6,1.0,1.0
2023-12-10,343.0,28.0,42.0,30.0,9.0,13.0,7.0,29.2,77.0,0.0,1.0,1.0,1.0
2023-12-11,344.0,43.0,61.0,31.0,14.0,23.0,8.0,30.0,72.0,0.0,0.0,2.0,1.0
2023-12-12,345.0,25.0,43.0,30.0,6.0,16.0,6.0,29.7,71.0,0.0,7.0,1.0,1.0
2023-12-13,346.0,29.0,35.0,30.0,7.0,13.0,5.0,30.1,70.0,0.0,3.8,2.0,1.0
2023-12-14,347.0,27.0,32.0,31.0,6.0,12.0,5.0,30.6,69.0,0.0,6.8,2.0,1.0
2023-12-15,348.0,27.0,39.0,32.0,5.0,21.0,5.0,30.4,65.0,0.0,7.6,1.0,1.0
2023-12-16,349.0,46.0,63.0,36.0,8.0,14.0,7.0,30.3,64.0,0.0,5.2,2.0,1.0
2023-12-17,350.0,59.0,78.0,30.0,19.0,29.0,9.0,30.6,65.0,0.0,7.7,2.0,8.0
2023-12-18,351.0,64.0,86.0,30.0,16.0,33.0,12.0,30.7,66.0,0.0,7.8,1.0,1.0
2023-12-19,352.0,58.0,85.0,32.0,16.0,23.0,13.0,30.3,62.0,0.0,7.5,2.0,1.0
2023-12-20,353.0,65.0,95.0,53.0,14.2,24.0,12.0,30.3,56.0,0.0,8.8,1.0,1.0
2023-12-21,354.0,53.0,71.0,57.0,13.0,26.0,13.0,29.9,62.0,0.0,8.0,2.0,1.0
2023-12-22,355.0,39.0,59.0,52.0,10.0,15.0,9.0,30.1,65.0,0.0,7.0,1.0,1.0
2023-12-23,356.0,31.0,39.0,48.0,10.0,24.0,7.0,31.0,65.0,2.8,1.8,1.0,1.0
2023-12-24,357.0,56.0,75.0,51.0,11.0,25.0,13.0,30.6,70.0,0.0,6.6,1.0,1.0
2023-12-25,358.0,38.0,52.0,48.0,10.0,25.0,9.0,28.3,80.0,0.0,5.3,1.0,1.0
2023-12-26,359.0,41.0,56.0,51.0,10.0,25.0,11.0,28.4,80.0,36.0,2.0,1.0,1.0
2023-12-27,360.0,36.0,35.0,49.0,8.0,20.0,7.0,28.7,80.0,0.0,0.0,1.0,1.0
2023-12-28,361.0,33.0,51.0,50.0,11.0,8.0,7.0,29.9,76.0,2.5,3.8,1.0,1.0
2023-12-29,362.0,23.0,27.0,50.0,10.0,13.0,7.0,29.3,79.0,0.9,4.1,1.0,1.0
2023-12-30,363.0,38.0,53.0,51.0,11.0,13.0,9.0,29.2,79.0,2.0,4.0,1.0,1.0
2023-12-31,364.0,54.0,68.0,49.0,11.0,19.0,12.0,28.3,80.0,0.0,2.4,1.0,1.0
2024-01-01,365.0,64.0,89.0,52.0,9.0,13.0,30.0,29.6,77.0,1.8,5.6,1.0,1.0
2024-01-02,366.0,53.0,93.0,52.0,4.0,12.0,28.0,29.7,78.0,0.0,0.7,1.0,1.0
2024-01-03,367.0,52.0,57.0,52.0,6.0,12.0,27.0,28.0,84.0,2.5,0.0,1.0,1.0
2024-01-04,368.0,30.0,57.4,112.0,20.0,8.0,77.0,27.1,87.0,8.5,0.0,0.0,1.0
2024-01-05,369.0,22.0,54.0,46.0,15.0,24.0,44.0,28.1,80.0,30.8,0.0,1.0,1.0
2024-01-06,370.0,49.0,68.0,46.0,12.0,38.0,36.0,27.8,83.0,1.0,4.0,1.0,1.0
2024-01-07,371.0,52.0,77.0,45.0,14.0,34.0,44.0,28.1,80.0,1.3,3.7,1.0,1.0
2024-01-08,372.0,49.0,52.0,46.0,10.0,27.0,32.0,28.3,79.0,24.2,4.2,1.0,1.0
2024-01-09,373.0,50.0,62.0,48.0,13.0,25.0,31.0,29.2,76.0,4.2,0.0,2.0,1.0
2024-01-10,374.0,49.0,66.0,49.0,10.0,34.0,41.0,29.2,76.0,2.5,6.0,2.0,1.0
2024-01-11,375.0,51.0,58.0,47.0,10.0,24.0,36.0,27.3,87.0,0.0,3.8,1.0,1.0
2024-01-12,376.0,30.0,26.0,45.0,8.0,18.0,21.0,28.6,75.0,42.0,0.8,2.0,1.0
2024-01-13,377.0,34.0,53.0,46.0,8.0,25.0,25.0,28.4,80.0,0.0,3.0,1.0,1.0
2024-01-14,378.0,39.0,49.0,45.0,6.0,20.0,20.0,29.5,76.0,2.4,0.4,2.0,1.0
2024-01-15,379.0,55.0,72.0,47.0,10.0,21.0,30.0,29.4,74.0,11.0,3.9,2.0,9.0
2024-01-16,380.0,41.0,47.0,48.0,10.0,25.0,24.0,30.2,69.0,0.0,3.2,2.0,8.0
2024-01-17,381.0,45.0,54.0,51.0,8.0,16.0,30.0,28.4,80.0,17.3,5.6,1.0,1.0
2024-01-18,382.0,45.0,58.0,47.0,11.0,14.0,27.0,28.2,79.0,1.5,1.0,2.0,8.0
2024-01-19,383.0,19.0,31.0,46.0,6.8,12.0,20.0,26.4,85.0,7.7,1.0,2.0,8.0
2024-01-20,384.0,26.0,28.0,44.0,6.4,17.0,17.0,30.5,64.0,11.0,0.0,2.0,1.0
2024-01-21,385.0,36.0,50.0,46.0,6.0,15.0,14.0,28.8,76.0,1.0,8.0,2.0,7.0
2024-01-22,386.0,24.0,26.0,44.0,3.0,17.0,11.0,30.4,66.0,7.0,5.4,3.0,8.0
2024-01-23,387.0,20.0,38.0,44.0,5.0,15.0,12.0,30.1,68.0,1.5,5.8,1.0,1.0
2024-01-24,388.0,31.0,37.0,45.0,8.0,14.0,14.0,30.2,67.0,0.6,2.7,2.0,1.0
2024-01-25,389.0,43.0,56.0,48.0,11.0,14.0,22.0,30.1,72.0,0.0,5.7,1.0,1.0
2024-01-26,390.0,39.0,59.0,48.0,9.0,17.0,26.0,29.1,78.0,0.0,6.7,3.0,9.0
2024-01-27,391.0,21.0,18.0,45.0,6.6,17.0,22.0,26.3,90.0,14.0,2.5,0.0,1.0
2024-01-28,392.0,35.0,53.0,45.0,13.0,17.0,30.0,27.4,85.0,28.0,0.0,1.0,1.0
2024-01-29,393.0,30.0,45.4,44.0,8.0,17.0,28.0,27.2,88.0,24.0,1.2,1.0,1.0
2024-01-30,394.0,39.0,67.0,46.0,31.0,14.0,28.0,26.9,88.0,17.6,0.8,1.0,1.0
2024-01-31,395.0,25.0,49.0,47.0,19.0,24.0,30.0,27.9,81.0,110.5,0.7,1.0,1.0
2024-02-01,396.0,52.0,72.0,49.0,17.0,18.0,37.0,27.8,83.0,23.0,2.2,1.0,1.0
2024-02-02,397.0,50.0,62.0,49.0,12.0,19.0,26.0,28.2,81.0,20.1,3.1,1.0,1.0
2024-02-03,398.0,33.0,51.0,48.0,10.0,20.0,22.0,28.1,79.0,20.3,3.2,2.0,8.0
2024-02-04,399.0,24.0,38.0,46.0,9.0,16.0,14.0,28.0,81.0,32.2,0.8,1.0,1.0
2024-02-05,400.0,38.0,67.0,47.0,13.0,18.0,28.0,27.9,84.0,14.0,2.4,1.0,1.0
2024-02-06,401.0,47.0,61.0,47.0,9.0,18.0,32.0,26.4,86.0,6.8,3.4,1.0,1.0
2024-02-07,402.0,32.0,49.0,49.0,8.0,15.0,22.0,28.9,75.0,14.8,3.5,1.0,1.0
2024-02-08,403.0,42.0,60.0,47.0,6.0,15.0,20.0,29.3,76.0,2.4,5.0,2.0,1.0
2024-02-09,404.0,51.0,72.0,51.0,6.0,21.0,31.0,29.0,79.0,5.1,8.5,2.0,9.0
2024-02-10,405.0,46.0,57.0,51.0,7.0,28.0,20.0,28.6,79.0,102.0,4.2,1.0,1.0
2024-02-11,406.0,39.0,57.0,50.0,9.0,23.0,23.0,28.8,78.0,0.0,5.2,2.0,9.0
2024-02-12,407.0,33.0,54.0,50.0,7.0,25.0,23.0,28.6,81.0,5.8,7.6,2.0,1.0
2024-02-13,408.0,39.0,52.0,51.0,7.0,26.0,28.0,28.6,80.0,3.0,5.0,2.0,1.0
2024-02-14,409.0,25.0,38.0,52.0,8.0,26.0,24.0,27.6,85.0,140.9,6.8,0.0,1.0
2024-02-15,410.0,35.0,55.0,29.6,18.0,22.0,29.0,28.5,85.0,3.0,2.1,1.0,1.0
2024-02-16,411.0,57.0,73.0,20.0,28.0,20.0,40.0,28.1,85.0,7.5,0.8,2.0,1.0
2024-02-17,412.0,36.0,50.0,16.0,21.0,23.0,23.0,28.3,82.0,18.4,0.2,1.0,1.0
2024-02-18,413.0,38.0,55.0,15.0,20.0,24.0,26.0,28.6,80.0,0.0,3.0,2.0,1.0
2024-02-19,414.0,46.0,66.0,16.0,24.0,14.0,39.0,29.5,78.0,0.0,2.7,2.0,1.0
2024-02-20,415.0,42.0,61.0,16.0,21.0,21.0,31.0,29.8,78.0,1.1,5.2,2.0,1.0
2024-02-21,416.0,52.0,73.0,20.0,32.0,24.0,37.0,29.5,77.0,0.2,7.2,1.0,1.0
2024-02-22,417.0,56.0,73.0,19.0,22.0,23.0,35.0,30.6,74.0,0.0,0.3,3.0,1.0
2024-02-23,418.0,38.0,56.0,16.0,20.0,23.0,29.0,30.3,72.0,3.2,5.8,2.0,1.0
2024-02-24,419.0,38.0,57.0,20.0,20.0,12.0,19.0,28.9,80.0,2.2,2.4,3.0,1.0
2024-02-25,420.0,26.0,37.0,20.0,16.0,22.0,19.0,28.4,81.0,5.7,3.8,2.0,1.0
2024-02-26,421.0,25.0,42.0,13.0,17.0,18.0,24.0,28.7,79.0,20.8,1.7,0.0,1.0
2024-02-27,422.0,44.0,63.0,14.0,25.0,16.0,32.0,29.1,78.0,0.0,2.5,1.0,1.0
2024-02-28,423.0,43.0,59.0,14.0,21.0,13.0,31.0,27.6,88.0,38.5,5.2,1.0,1.0
2024-02-29,424.0,33.0,44.0,13.0,22.0,14.0,29.0,26.1,92.0,75.5,0.3,0.0,1.0
2024-03-01,425.0,45.0,62.0,14.0,30.0,23.0,37.0,29.1,77.0,10.0,0.0,2.0,1.0
2024-03-02,426.0,43.0,64.0,17.0,22.0,15.0,37.0,27.7,86.0,21.6,5.2,1.0,9.0
2024-03-03,427.0,33.0,51.0,17.0,20.0,22.0,27.0,27.7,86.0,17.7,0.0,2.0,1.0
2024-03-04,428.0,34.0,54.0,14.0,19.0,20.0,25.0,29.2,74.0,6.8,0.2,2.0,1.0
2024-03-05,429.0,24.0,43.0,13.0,19.0,20.0,22.0,30.2,71.0,1.0,1.0,2.0,1.0
2024-03-06,430.0,25.0,38.0,15.0,17.0,17.0,21.0,29.6,75.0,10.5,2.4,2.0,1.0
2024-03-07,431.0,23.0,35.0,14.0,17.0,20.0,21.0,29.7,74.0,4.0,1.2,1.0,1.0
2024-03-08,432.0,19.0,34.0,13.0,15.0,22.0,15.0,29.2,75.0,0.0,4.6,1.0,1.0
2024-03-09,433.0,29.0,30.0,17.0,17.0,19.0,21.0,26.3,94.0,4.2,0.5,0.0,1.0
2024-03-10,434.0,53.0,72.0,17.0,27.0,20.0,35.0,27.9,86.0,47.7,0.0,1.0,1.0
2024-03-11,435.0,35.0,47.0,12.0,17.0,14.0,21.0,27.9,86.0,10.4,0.2,1.0,1.0
2024-03-12,436.0,31.0,50.0,11.0,13.0,21.0,19.0,28.8,79.0,16.0,0.0,1.0,1.0
2024-03-13,437.0,42.0,60.0,14.0,15.0,19.0,25.0,28.2,84.0,4.3,3.0,2.0,1.0
2024-03-14,438.0,36.0,52.0,12.0,17.0,17.0,29.0,27.2,86.0,24.0,1.2,1.0,1.0
2024-03-15,439.0,32.0,44.0,15.0,16.0,22.0,22.0,27.4,83.0,31.8,0.0,1.0,1.0
2024-03-16,440.0,23.0,27.0,13.0,13.0,23.0,20.0,26.0,91.0,6.5,0.0,1.0,1.0
2024-03-17,441.0,24.0,37.0,14.0,12.0,21.0,16.0,27.0,85.0,19.0,1.0,2.0,8.0
2024-03-18,442.0,22.0,35.0,16.0,11.0,20.0,17.0,29.0,77.0,21.7,2.1,2.0,1.0
2024-03-19,443.0,29.0,47.0,14.0,13.0,18.0,18.0,30.2,65.0,0.3,5.0,1.0,1.0
2024-03-20,444.0,27.0,47.0,13.0,17.0,10.0,16.0,30.4,63.0,1.4,9.9,3.0,8.0
2024-03-21,445.0,28.0,51.0,18.0,16.0,11.0,18.0,29.0,77.0,0.0,9.7,2.0,1.0
2024-03-22,446.0,24.0,28.0,10.0,17.0,17.0,26.0,26.4,91.0,63.3,9.0,0.0,1.0
2024-03-23,447.0,63.0,100.0,15.0,31.0,30.0,47.0,29.8,75.0,3.8,0.0,1.0,1.0
2024-03-24,448.0,52.0,71.0,13.0,15.0,38.0,30.0,29.9,77.0,0.5,9.9,1.0,1.0
2024-03-25,449.0,44.0,64.0,13.0,16.0,25.0,39.0,29.2,80.0,9.2,8.0,1.0,1.0
2024-03-26,450.0,52.0,73.0,13.0,21.0,25.0,37.0,30.2,75.0,2.9,5.0,1.0,1.0
2024-03-27,451.0,57.0,77.0,13.0,22.0,17.0,43.0,28.3,82.0,0.4,5.2,1.0,1.0
2024-03-28,452.0,62.0,92.0,19.0,22.0,33.0,45.0,29.3,77.0,3.4,0.0,1.0,1.0
2024-03-29,453.0,62.0,90.0,16.0,19.0,35.0,50.0,29.8,75.0,0.0,5.5,0.0,1.0
2024-03-30,454.0,56.0,75.0,16.0,21.0,29.0,44.0,29.7,77.0,0.6,6.2,1.0,1.0
2024-03-31,455.0,53.0,79.0,12.0,23.0,32.0,41.0,28.9,82.0,10.2,4.5,1.0,1.0
2024-04-01,456.0,63.0,96.0,11.0,26.0,27.0,52.0,29.2,78.0,18.2,4.0,1.0,1.0
2024-04-02,457.0,67.0,97.0,14.0,28.0,28.0,62.0,29.5,77.0,1.2,5.4,1.0,1.0
2024-04-03,458.0,62.0,78.0,13.0,25.0,24.0,52.0,28.3,83.0,0.0,2.0,2.0,1.0
2024-04-04,459.0,48.0,63.0,12.0,30.0,24.0,51.0,30.2,75.0,5.6,4.0,1.0,1.0
2024-04-05,460.0,67.0,102.0,13.0,34.0,26.0,58.0,29.6,80.0,6.3,6.2,0.0,1.0
2024-04-06,461.0,58.0,83.0,15.0,28.0,29.0,39.0,29.2,80.0,2.8,1.2,1.0,1.0
2024-04-07,462.0,48.0,68.0,12.0,22.0,36.0,34.0,30.1,76.0,1.1,1.0,2.0,1.0
2024-04-08,463.0,50.0,65.0,13.0,19.0,44.0,31.0,30.0,72.0,0.6,4.8,2.0,1.0
2024-04-09,464.0,40.0,62.0,15.0,20.0,34.0,24.0,28.6,81.0,30.7,5.0,0.0,1.0
2024-04-10,465.0,55.0,76.0,14.0,26.0,37.0,34.0,28.7,78.0,8.7,0.8,1.0,1.0
2024-04-11,466.0,40.0,54.0,10.0,18.0,31.0,26.0,29.0,80.0,0.7,5.0,2.0,1.0
2024-04-12,467.0,24.0,45.0,9.0,15.0,30.0,24.0,27.7,86.0,39.0,3.5,1.0,1.0
2024-04-13,468.0,33.0,53.0,10.0,20.0,31.0,29.0,29.5,79.0,1.0,3.7,2.0,1.0
2024-04-14,469.0,27.0,47.0,9.0,17.0,34.0,23.0,28.9,80.0,9.2,7.5,1.0,1.0
2024-04-15,470.0,27.0,46.0,9.0,19.0,27.0,25.0,30.1,75.0,1.0,5.5,1.0,1.0
2024-04-16,471.0,32.0,52.0,13.0,17.0,25.0,20.0,30.9,74.0,1.1,4.5,1.0,1.0
2024-04-17,472.0,46.0,69.0,12.0,21.0,35.0,32.0,28.8,81.0,10.6,3.5,2.0,1.0
2024-04-18,473.0,44.0,60.0,11.0,24.0,33.0,37.0,29.6,75.0,27.2,3.6,2.0,1.0
2024-04-19,474.0,41.0,60.0,14.0,21.0,25.0,38.0,29.5,76.0,0.0,3.7,1.0,1.0
2024-04-20,475.0,57.0,77.0,20.0,22.0,24.0,33.0,30.1,76.0,2.0,0.6,1.0,1.0
2024-04-21,476.0,40.0,52.0,13.0,18.0,24.0,25.0,29.6,76.0,5.1,2.3,1.0,1.0
2024-04-22,477.0,53.0,71.0,13.0,22.0,23.0,40.0,30.9,73.0,0.0,2.5,1.0,1.0
2024-04-23,478.0,52.0,70.0,14.0,25.0,17.0,41.0,29.8,77.0,0.0,7.0,1.0,1.0
2024-04-24,479.0,50.0,71.0,13.0,25.0,22.0,49.0,30.0,78.0,4.8,3.5,1.0,1.0
2024-04-25,480.0,52.0,69.0,11.0,23.0,31.0,51.0,29.0,81.0,13.0,1.0,1.0,1.0
2024-04-26,481.0,41.0,58.0,13.0,19.0,26.0,35.0,30.2,77.0,0.4,0.0,1.0,1.0
2024-04-27,482.0,53.0,73.0,19.0,22.0,20.0,34.0,29.5,78.0,0.0,7.0,1.0,1.0
2024-04-28,483.0,51.0,74.0,13.0,25.0,28.0,34.0,30.2,78.0,2.0,5.5,1.0,1.0
2024-04-29,484.0,50.0,65.0,13.0,17.0,28.0,28.0,31.3,74.0,0.2,2.7,2.0,1.0
2024-04-30,485.0,53.0,70.0,16.0,18.0,27.0,33.0,31.0,74.0,0.0,6.8,1.0,1.0
2024-05-01,486.0,47.0,63.0,15.0,19.0,26.0,34.0,30.4,76.0,3.0,5.6,1.0,1.0
2024-05-02,487.0,54.0,75.0,14.0,18.0,27.0,30.0,31.3,72.0,6.0,0.6,1.0,1.0
2024-05-03,488.0,58.0,85.0,13.0,24.0,30.0,43.0,30.7,73.0,0.0,2.8,2.0,1.0
2024-05-04,489.0,62.0,87.0,14.0,24.0,25.0,50.0,30.3,70.0,0.0,6.2,1.0,1.0
2024-05-05,490.0,60.0,88.0,14.0,27.0,22.0,47.0,30.8,71.0,0.0,5.0,1.0,1.0
2024-05-06,491.0,59.0,82.0,15.0,18.0,26.0,38.0,30.5,68.0,1.5,5.8,0.0,1.0
2024-05-07,492.0,64.0,92.0,16.0,20.0,23.0,42.0,31.0,68.0,0.0,3.7,1.0,1.0
2024-05-08,493.0,63.0,87.0,19.0,18.0,20.0,47.0,30.5,71.0,0.0,6.5,1.0,1.0
2024-05-09,494.0,62.0,93.0,16.0,18.0,22.0,44.0,30.6,73.0,1.6,4.2,1.0,1.0
2024-05-10,495.0,56.0,84.0,19.0,12.0,30.0,27.0,30.9,73.0,0.0,6.0,1.0,1.0
2024-05-11,496.0,52.0,74.0,18.0,11.0,28.0,27.0,31.1,71.0,0.0,7.0,2.0,1.0
2024-05-12,497.0,53.0,75.0,18.0,10.0,28.0,27.0,31.0,70.0,0.0,5.5,2.0,1.0
2024-05-13,498.0,52.0,64.0,16.0,8.0,25.0,25.0,30.9,72.0,0.0,5.7,1.0,1.0
2024-05-14,499.0,61.0,85.0,18.0,10.0,28.0,39.0,28.5,84.0,0.0,6.0,1.0,1.0
2024-05-15,500.0,62.0,78.0,14.0,20.0,26.0,40.0,30.7,71.0,28.5,0.0,1.0,1.0
2024-05-16,501.0,65.0,98.0,19.0,17.0,28.0,40.0,30.4,73.0,0.0,4.5,1.0,1.0
2024-05-17,502.0,64.0,86.0,17.0,17.0,21.0,39.0,30.4,70.0,0.0,5.5,1.0,1.0
2024-05-18,503.0,67.0,97.0,18.0,20.0,18.0,48.0,30.6,69.0,1.5,4.5,1.0,1.0
2024-05-19,504.0,63.0,92.0,15.0,17.0,25.0,36.0,30.3,70.0,0.0,4.5,1.0,1.0
2024-05-20,505.0,65.0,91.0,17.0,15.0,26.0,32.0,30.6,68.0,0.0,6.5,1.0,1.0
2024-05-21,506.0,62.0,97.0,25.0,14.0,23.0,45.0,30.5,70.0,0.0,3.4,1.0,1.0
2024-05-22,507.0,65.0,92.0,20.0,12.0,24.0,37.0,30.6,72.0,0.0,5.2,2.0,1.0
2024-05-23,508.0,59.0,78.0,20.0,11.0,22.0,32.0,28.9,81.0,12.6,3.2,1.0,1.0
2024-05-24,509.0,60.0,74.0,16.0,13.0,19.0,30.0,29.3,78.0,7.5,0.0,1.0,1.0
2024-05-25,510.0,39.0,53.0,12.0,15.0,16.0,30.0,27.2,86.0,3.5,4.0,1.0,1.0
2024-05-26,511.0,61.0,82.0,26.0,21.0,19.0,38.0,29.5,77.0,2.1,0.0,1.0,1.0
2024-05-27,512.0,64.0,92.0,22.0,15.0,25.0,39.0,31.0,70.0,6.1,0.4,1.0,1.0
2024-05-28,513.0,67.0,100.0,18.0,14.0,29.0,42.0,30.7,74.0,3.0,6.0,2.0,1.0
2024-05-29,514.0,64.0,86.0,19.0,10.0,32.0,36.0,30.8,73.0,0.0,6.4,1.0,1.0
2024-05-30,515.0,59.0,85.0,19.0,8.0,29.0,38.0,30.6,74.0,0.0,4.4,1.0,1.0
2024-05-31,516.0,70.0,101.0,17.0,10.0,27.0,44.0,30.8,74.0,0.2,5.2,1.0,1.0
2024-06-01,517.0,73.0,102.0,16.0,8.0,22.0,48.0,29.7,76.0,0.0,2.8,1.0,1.0
2024-06-02,518.0,67.0,95.0,14.0,5.0,24.0,45.0,29.7,78.0,7.3,1.0,0.0,1.0
2024-06-03,519.0,50.0,61.0,11.0,5.0,24.0,40.0,28.8,82.0,1.5,1.5,0.0,1.0
2024-06-04,520.0,58.0,76.0,14.0,5.0,26.0,44.0,29.6,78.0,9.0,0.4,1.0,1.0
2024-06-05,521.0,63.0,88.0,17.0,6.0,27.0,51.0,30.0,72.0,0.0,3.0,1.0,1.0
2024-06-06,522.0,55.0,77.0,16.0,5.0,16.0,42.0,30.7,68.0,1.5,6.0,1.0,1.0
2024-06-07,523.0,58.0,82.0,16.0,13.2,24.0,41.0,29.9,73.0,6.5,6.6,2.0,1.0
2024-06-08,524.0,62.0,88.0,16.0,25.0,22.0,40.0,30.5,72.0,0.0,6.0,2.0,4.0
2024-06-09,525.0,63.0,87.0,18.0,23.0,27.0,32.0,29.6,75.0,0.0,6.8,1.0,1.0
2024-06-10,526.0,69.0,99.0,14.0,34.0,19.0,50.0,30.7,73.0,0.0,3.6,1.0,1.0
2024-06-11,527.0,60.0,79.0,18.0,26.0,31.0,37.0,28.4,85.0,15.5,4.2,1.0,1.0
2024-06-12,528.0,58.0,76.0,12.0,35.0,26.0,51.0,28.9,79.0,12.9,3.2,0.0,1.0
2024-06-13,529.0,49.0,61.0,16.0,30.0,21.0,36.0,29.0,78.0,0.0,3.0,1.0,1.0
2024-06-14,530.0,52.0,66.0,18.0,25.0,23.0,33.0,29.7,75.0,9.5,1.0,2.0,1.0
2024-06-15,531.0,50.0,69.0,14.0,28.0,33.0,38.0,28.9,78.0,5.1,6.8,2.0,9.0
2024-06-16,532.0,54.0,73.0,9.0,26.0,41.0,42.0,28.2,82.0,65.6,3.0,1.0,1.0
2024-06-17,533.0,53.0,72.0,11.0,27.0,32.0,32.0,29.7,75.0,0.0,1.7,2.0,1.0
2024-06-18,534.0,63.0,98.0,13.0,24.0,33.0,30.0,29.3,77.0,0.0,6.7,2.0,1.0
2024-06-19,535.0,67.0,93.0,15.0,30.0,27.0,46.0,29.8,71.0,6.2,0.5,1.0,1.0
2024-06-20,536.0,62.0,87.0,16.0,25.0,24.0,37.0,29.7,66.0,0.0,7.0,1.0,1.0
2024-06-21,537.0,62.0,89.0,16.0,26.0,26.0,43.0,29.8,70.0,0.0,7.0,1.0,1.0
2024-06-22,538.0,63.0,90.0,15.0,25.0,30.0,41.0,29.2,72.0,0.0,6.7,1.0,1.0
2024-06-23,539.0,63.0,89.0,17.0,25.0,27.0,35.0,30.2,62.0,2.2,0.8,1.0,1.0
2024-06-24,540.0,57.0,85.0,15.0,26.0,20.0,40.0,29.9,72.0,0.0,7.0,1.0,1.0
2024-06-25,541.0,58.0,76.0,20.0,26.0,20.0,34.0,27.3,83.0,0.0,3.8,1.0,1.0
2024-06-26,542.0,51.0,65.0,13.0,30.0,23.0,29.0,29.8,75.0,24.0,2.0,1.0,1.0
2024-06-27,543.0,56.0,74.0,14.0,25.0,23.0,32.0,29.7,77.0,0.0,7.0,1.0,1.0
2024-06-28,544.0,53.0,67.0,12.0,27.0,24.0,33.0,29.6,78.0,2.5,5.5,1.0,1.0
2024-06-29,545.0,52.0,74.0,11.0,34.0,22.0,34.0,28.0,82.0,29.1,6.5,1.0,1.0
2024-06-30,546.0,41.0,58.0,10.0,24.0,23.0,33.0,29.4,76.0,3.0,0.6,2.0,1.0
2024-07-01,547.0,62.0,90.0,11.0,28.0,31.0,41.0,29.0,77.0,0.7,6.0,1.0,1.0
2024-07-02,548.0,55.0,74.0,9.0,26.0,25.0,38.0,28.5,81.0,0.6,2.5,0.0,1.0
2024-07-03,549.0,69.0,103.0,12.0,38.0,29.0,51.0,28.1,79.0,0.0,1.3,1.0,1.0
2024-07-04,550.0,58.0,78.0,9.0,36.0,26.0,52.0,27.1,84.0,2.5,5.8,1.0,1.0
2024-07-05,551.0,53.0,66.0,10.0,28.0,21.0,41.0,27.0,84.0,14.5,1.6,1.0,1.0
2024-07-06,552.0,30.0,38.0,8.0,24.0,15.0,24.0,24.8,92.0,15.3,4.2,0.0,1.0
2024-07-07,553.0,24.0,41.0,8.0,24.0,24.0,26.0,27.4,81.0,49.3,0.5,0.0,1.0
2024-07-08,554.0,31.0,53.0,11.0,23.0,24.0,30.0,29.2,77.0,21.1,2.7,1.0,1.0
2024-07-09,555.0,43.0,66.0,8.0,31.0,28.0,49.0,28.1,83.0,54.0,7.0,1.0,1.0
2024-07-10,556.0,55.0,77.0,11.0,24.0,32.0,37.0,28.7,76.0,1.6,2.0,1.0,1.0
2024-07-11,557.0,64.0,94.0,13.0,32.0,25.0,50.0,28.6,76.0,0.0,5.3,1.0,1.0
2024-07-12,558.0,60.0,86.0,11.0,26.0,35.0,43.0,28.8,67.0,0.0,6.8,2.0,1.0
2024-07-13,559.0,66.0,93.0,15.0,30.0,23.0,50.0,28.3,67.0,0.0,5.5,1.0,1.0
2024-07-14,560.0,59.0,83.0,12.0,27.0,26.0,41.0,28.0,66.0,0.0,6.5,1.0,1.0
2024-07-15,561.0,58.0,85.0,15.0,25.0,28.0,40.0,27.4,68.0,0.0,7.0,1.0,1.0
2024-07-16,562.0,58.0,92.0,13.0,27.0,28.0,49.0,28.6,66.0,0.0,7.0,1.0,1.0
2024-07-17,563.0,59.0,88.0,17.0,26.0,20.0,45.0,28.5,72.0,0.0,7.0,2.0,4.0
2024-07-18,564.0,63.0,91.0,17.0,25.0,27.0,40.0,29.5,69.0,0.0,6.5,2.0,1.0
2024-07-19,565.0,58.0,84.0,15.0,25.0,23.0,38.0,29.2,69.0,0.0,4.8,1.0,1.0
2024-07-20,566.0,60.0,84.0,17.0,24.0,24.0,38.0,28.6,67.0,0.0,4.4,2.0,1.0
2024-07-21,567.0,59.0,87.0,13.0,24.0,26.0,35.0,29.4,67.0,0.0,7.0,1.0,1.0
2024-07-22,568.0,59.0,79.0,12.0,24.0,29.0,38.0,28.7,73.0,0.0,6.0,1.0,1.0
2024-07-23,569.0,63.0,92.0,16.0,25.0,33.0,41.0,28.9,66.0,0.0,6.6,2.0,1.0
2024-07-24,570.0,75.0,99.0,23.0,27.0,27.0,44.0,29.0,70.0,0.0,6.4,1.0,1.0
2024-07-25,571.0,61.0,83.0,16.0,26.0,28.0,43.0,28.4,72.0,0.0,3.2,1.0,1.0
2024-07-26,572.0,59.0,84.0,15.0,27.0,15.0,42.0,28.9,71.0,0.0,3.6,1.0,1.0
2024-07-27,573.0,64.0,94.0,17.0,24.0,18.0,37.0,29.5,69.0,0.0,4.2,1.0,1.0
2024-07-28,574.0,64.0,102.0,16.0,24.0,29.0,33.0,29.0,72.0,0.0,6.5,1.0,1.0
2024-07-29,575.0,63.0,90.0,15.0,23.0,25.0,33.0,29.3,68.0,0.0,6.2,1.0,1.0
2024-07-30,576.0,63.0,96.0,16.0,26.0,20.0,44.0,29.3,69.0,0.0,6.5,1.0,1.0
2024-07-31,577.0,69.0,105.0,16.0,27.0,21.0,49.0,29.4,72.0,0.0,7.0,1.0,1.0
2024-08-01,578.0,68.0,103.0,13.0,28.0,26.0,44.0,28.7,77.0,0.0,7.0,2.0,1.0
2024-08-02,579.0,60.0,85.0,11.0,27.0,37.0,44.0,28.8,75.0,12.3,0.6,1.0,1.0
2024-08-03,580.0,47.0,64.0,10.0,28.0,26.0,45.0,28.6,78.0,2.6,5.4,1.0,1.0
2024-08-04,581.0,50.0,74.0,10.0,29.0,29.0,39.0,29.3,75.0,0.0,7.0,1.0,1.0
2024-08-05,582.0,53.0,78.0,10.0,26.0,23.0,37.0,28.5,74.0,5.0,7.1,2.0,1.0
2024-08-06,583.0,53.0,75.0,16.0,24.0,21.0,42.0,29.2,69.0,0.0,2.5,1.0,1.0
2024-08-07,584.0,62.0,91.0,13.0,26.0,27.0,42.0,28.9,72.0,0.0,7.0,1.0,1.0
2024-08-08,585.0,64.0,96.0,16.0,28.0,23.0,42.0,29.4,68.0,0.0,7.0,1.0,1.0
2024-08-09,586.0,61.0,91.0,15.0,25.0,19.0,33.0,29.7,70.0,0.0,2.5,1.0,1.0
2024-08-10,587.0,55.0,81.0,15.0,23.0,21.0,35.0,29.5,72.0,0.0,7.0,1.0,1.0
2024-08-11,588.0,56.0,77.0,12.0,22.0,28.0,28.0,29.1,71.0,0.0,7.2,2.0,1.0
2024-08-12,589.0,54.0,78.0,12.0,23.0,24.0,30.0,29.0,62.0,0.0,5.4,1.0,1.0
2024-08-13,590.0,62.0,93.0,19.0,26.0,25.0,44.0,29.0,61.0,0.0,5.3,1.0,1.0
2024-08-14,591.0,62.0,93.0,17.0,26.0,27.0,43.0,29.3,68.0,0.0,7.3,1.0,4.0
2024-08-15,592.0,63.0,90.0,14.0,26.0,38.0,38.0,29.2,69.0,0.0,7.3,1.0,1.0
2024-08-16,593.0,64.0,91.0,15.0,28.0,33.0,48.0,29.0,69.0,0.0,6.5,1.0,1.0
2024-08-17,594.0,65.0,92.0,15.0,25.0,31.0,44.0,29.4,69.0,0.0,4.5,1.0,1.0
2024-08-18,595.0,62.0,93.0,13.0,23.0,30.0,32.0,29.0,72.0,0.0,4.0,1.0,1.0
2024-08-19,596.0,60.0,86.0,13.0,24.0,32.0,38.0,29.1,73.0,0.0,7.2,1.0,1.0
2024-08-20,597.0,64.0,93.0,14.0,26.0,27.0,46.0,28.8,76.0,0.0,7.5,1.0,1.0
2024-08-21,598.0,67.0,96.0,17.0,27.0,27.0,47.0,29.1,74.0,0.0,6.0,1.0,2.0
2024-08-22,599.0,63.0,84.0,19.0,25.0,26.0,40.0,29.1,73.0,0.0,6.8,1.0,2.0
2024-08-23,600.0,56.0,77.0,12.0,23.0,28.0,32.0,28.8,76.0,0.0,6.0,1.0,2.0
2024-08-24,601.0,62.0,98.0,13.0,27.0,24.0,43.0,28.5,73.0,0.0,6.0,1.0,2.0
2024-08-25,602.0,66.0,90.0,13.0,25.0,28.0,37.0,28.7,68.0,0.0,7.0,1.0,2.0
2024-08-26,603.0,55.0,78.0,13.0,24.0,28.0,39.0,29.4,70.0,0.0,7.0,2.0,2.0
2024-08-27,604.0,69.0,106.0,14.0,30.0,36.0,50.0,29.1,71.0,0.0,7.4,1.0,2.0
2024-08-28,605.0,62.0,86.0,14.0,24.0,33.0,41.0,28.7,64.0,0.0,7.5,2.0,2.0
2024-08-29,606.0,65.0,98.0,14.0,26.0,41.0,42.0,30.4,65.0,0.0,7.0,1.0,2.0
2024-08-30,607.0,68.0,98.0,15.0,28.0,30.0,46.0,28.8,67.0,0.0,4.2,1.0,2.0
2024-08-31,608.0,56.0,75.0,14.0,25.0,24.0,40.0,28.6,70.0,0.0,3.5,1.0,2.0
2024-09-01,609.0,54.0,72.0,12.0,22.0,27.0,32.0,29.0,71.0,0.0,8.0,1.0,2.0
2024-09-02,610.0,52.0,70.0,10.0,22.0,35.0,36.0,30.0,74.0,0.0,7.0,0.0,2.0
2024-09-03,611.0,55.0,79.0,10.0,28.0,23.0,44.0,29.3,72.0,0.0,6.9,2.0,2.0
2024-09-04,612.0,58.0,83.0,11.0,24.0,35.0,35.0,30.1,64.0,0.0,6.2,1.0,2.0
2024-09-05,613.0,52.0,71.0,12.0,24.0,18.0,33.0,30.1,66.0,0.0,7.0,1.0,2.0
2024-09-06,614.0,56.0,86.0,14.0,26.0,20.0,40.0,30.6,67.0,0.0,6.8,1.0,2.0
2024-09-07,615.0,54.0,79.0,12.0,22.0,25.0,26.0,30.4,64.0,0.0,7.0,2.0,2.0
2024-09-08,616.0,54.0,84.0,13.0,22.0,21.0,26.0,30.1,67.0,0.0,8.0,2.0,2.0
2024-09-09,617.0,48.0,65.0,12.0,22.0,21.0,26.0,28.6,74.0,0.0,7.9,2.0,2.0
2024-09-10,618.0,51.0,70.0,10.0,33.0,19.0,43.0,28.0,80.0,22.4,6.5,1.0,2.0
2024-09-11,619.0,39.0,58.0,12.0,23.0,26.0,33.0,29.6,67.0,0.0,1.6,1.0,2.0
2024-09-12,620.0,64.0,89.0,15.0,27.0,41.0,39.0,28.9,74.0,0.0,4.1,2.0,2.0
2024-09-13,621.0,53.0,74.0,10.0,29.0,36.0,44.0,27.6,79.0,48.7,4.9,1.0,2.0
2024-09-14,622.0,57.0,85.0,11.0,25.0,42.0,41.0,28.9,66.0,0.0,5.8,1.0,2.0
2024-09-15,623.0,60.0,86.0,12.0,27.0,38.0,35.0,28.8,69.0,0.0,5.0,1.0,2.0
2024-09-16,624.0,60.0,86.0,12.0,24.0,38.0,33.0,29.0,67.0,0.0,7.9,2.0,2.0
2024-09-17,625.0,55.0,79.0,14.0,24.0,40.0,37.0,28.8,65.0,0.0,6.5,2.0,2.0
2024-09-18,626.0,52.0,76.0,16.0,24.0,36.0,34.0,28.3,67.0,0.0,5.0,2.0,2.0
2024-09-19,627.0,61.0,83.0,15.0,27.0,37.0,46.0,28.5,62.0,0.0,7.9,1.0,2.0
2024-09-20,628.0,59.0,88.0,15.0,24.0,34.0,45.0,29.1,71.0,0.0,8.0,1.0,2.0
2024-09-21,629.0,61.0,94.0,14.0,25.0,36.0,39.0,29.4,71.0,0.0,7.6,2.0,2.0
2024-09-22,630.0,66.0,101.0,15.0,23.0,35.0,33.0,29.8,76.0,0.0,8.0,1.0,2.0
2024-09-23,631.0,59.0,87.0,15.0,24.0,25.0,37.0,29.9,76.0,0.0,3.6,1.0,2.0
2024-09-24,632.0,56.0,74.0,15.0,24.0,33.0,31.0,28.0,82.0,0.0,4.5,1.0,2.0
2024-09-25,633.0,62.0,89.0,10.0,33.0,25.0,51.0,27.3,80.0,2.0,2.3,1.0,2.0
2024-09-26,634.0,57.0,71.0,10.0,29.0,22.0,48.0,27.6,81.0,44.4,6.2,1.0,2.0
2024-09-27,635.0,51.0,70.0,10.0,27.0,25.0,41.0,28.7,81.0,55.0,6.0,0.0,2.0
2024-09-28,636.0,56.0,85.0,13.0,28.0,24.0,37.0,30.6,73.0,0.0,8.0,2.0,2.0
2024-09-29,637.0,60.0,89.0,12.0,32.0,20.0,39.0,30.1,73.0,0.0,6.3,1.0,2.0
2024-09-30,638.0,51.0,70.0,13.0,25.0,15.0,40.0,30.1,71.0,0.0,7.0,1.0,2.0
2024-10-01,639.0,63.0,91.0,13.0,29.0,24.0,46.0,30.2,71.0,0.0,8.0,1.0,2.0
2024-10-02,640.0,61.0,85.0,13.0,27.0,23.0,52.0,30.5,70.0,0.0,8.0,1.0,2.0
2024-10-03,641.0,61.0,90.0,13.0,29.0,20.0,44.0,30.3,69.0,4.8,6.8,1.0,2.0
2024-10-04,642.0,59.0,82.0,16.0,26.0,21.0,40.0,30.4,69.0,0.0,2.2,1.0,2.0
2024-10-05,643.0,56.0,80.0,12.0,30.0,19.0,46.0,29.6,72.0,0.0,5.4,2.0,2.0
2024-10-06,644.0,52.0,73.0,10.0,27.0,27.0,40.0,29.7,72.0,0.0,7.5,1.0,2.0
2024-10-07,645.0,72.0,108.0,16.0,31.0,24.0,48.0,30.5,62.0,0.0,5.5,1.0,2.0
2024-10-08,646.0,55.0,76.0,16.0,25.0,21.0,40.0,30.6,64.0,0.0,8.0,1.0,2.0
2024-10-09,647.0,55.0,76.0,13.0,26.0,24.0,41.0,30.2,69.0,0.0,6.8,1.0,2.0
2024-10-10,648.0,60.0,86.0,14.0,27.0,26.0,43.0,30.9,69.0,0.0,8.0,1.0,2.0
2024-10-11,649.0,60.0,83.0,15.0,28.0,18.0,47.0,31.0,68.0,0.0,7.9,1.0,2.0
2024-10-12,650.0,58.0,77.0,16.0,24.0,22.0,34.0,30.6,70.0,0.0,8.0,1.0,2.0
2024-10-13,651.0,63.0,92.0,11.0,27.0,26.0,33.0,29.5,77.0,0.0,2.6,1.0,2.0
2024-10-14,652.0,61.0,86.0,12.0,26.0,31.0,37.0,29.6,73.0,0.0,0.4,1.0,2.0
2024-10-15,653.0,53.0,71.0,13.0,24.0,35.0,40.0,28.9,73.0,2.2,2.5,1.0,2.0
2024-10-16,654.0,69.0,94.0,15.0,30.0,33.0,48.0,30.0,72.0,0.0,3.0,1.0,2.0
2024-10-17,655.0,59.0,70.0,14.0,26.0,32.0,44.0,29.1,62.0,0.0,7.3,1.0,2.0
2024-10-18,656.0,55.0,73.0,13.0,25.0,36.0,40.0,29.4,64.0,0.0,8.0,1.0,2.0
2024-10-19,657.0,65.0,82.0,14.0,26.0,39.0,37.0,29.9,69.0,0.0,8.0,1.0,2.0
2024-10-20,658.0,61.0,82.0,14.0,36.0,20.0,34.0,31.1,60.0,0.0,8.0,2.0,2.0
2024-10-21,659.0,51.0,82.0,12.0,23.0,28.0,32.0,30.1,64.0,0.0,8.0,1.0,2.0
2024-10-22,660.0,64.0,94.0,14.0,28.0,32.0,51.0,30.3,67.0,0.0,5.7,1.0,1.0
2024-10-23,661.0,57.0,84.0,12.0,24.0,40.0,38.0,30.4,69.0,0.0,8.0,1.0,1.0
2024-10-24,662.0,52.0,78.0,10.0,23.0,34.0,35.0,29.4,74.0,46.6,6.6,1.0,1.0
2024-10-25,663.0,52.0,73.0,9.0,26.0,40.0,45.0,28.2,80.0,5.0,2.3,1.0,1.0
2024-10-26,664.0,57.0,76.0,8.0,26.0,29.0,40.0,30.2,68.0,7.6,5.0,1.0,1.0
2024-10-27,665.0,54.0,78.0,19.0,23.0,34.0,31.0,30.1,71.0,0.0,8.0,2.0,1.0
2024-10-28,666.0,60.0,83.0,10.0,26.0,37.0,36.0,30.2,67.0,0.0,8.0,1.0,1.0
2024-10-29,667.0,59.0,75.0,11.0,28.0,29.0,41.0,30.8,69.0,0.0,0.6,1.0,1.0
2024-10-30,668.0,62.0,86.0,11.0,27.0,36.0,44.0,30.9,65.0,0.0,6.5,1.0,1.0
2024-10-31,669.0,59.0,78.0,11.0,28.0,29.0,45.0,30.4,70.0,0.0,6.5,1.0,1.0
2024-11-01,670.0,62.0,87.0,11.0,28.0,33.0,47.0,30.3,68.0,0.0,6.3,1.0,1.0
2024-11-02,671.0,60.0,87.0,14.0,25.0,26.0,41.0,28.9,79.0,0.0,2.6,2.0,1.0
2024-11-03,672.0,51.0,70.0,10.0,34.0,29.0,43.0,27.7,79.0,24.5,6.2,1.0,1.0
2024-11-04,673.0,44.0,60.0,8.0,25.0,16.2,37.0,27.6,82.0,18.4,5.1,1.0,1.0
2024-11-05,674.0,40.0,65.0,12.0,28.0,75.0,45.0,28.6,78.0,0.0,2.8,2.0,1.0
2024-11-06,675.0,40.0,58.0,10.0,26.0,15.0,39.0,29.3,73.0,14.5,6.0,1.0,1.0
2024-11-07,676.0,55.0,83.0,13.0,27.0,18.0,40.0,29.5,75.0,0.0,3.5,1.0,1.0
2024-11-08,677.0,57.0,83.0,12.0,28.0,24.0,44.0,30.0,70.0,0.0,3.5,1.0,1.0
2024-11-09,678.0,67.0,99.0,16.0,32.0,20.0,46.0,29.1,76.0,0.0,5.7,1.0,1.0
2024-11-10,679.0,54.0,71.0,10.0,32.0,15.0,41.0,28.7,77.0,0.0,4.9,1.0,1.0
2024-11-11,680.0,51.0,71.0,10.0,30.0,18.0,42.0,28.6,79.0,0.0,3.3,1.0,1.0
2024-11-12,681.0,39.0,53.0,9.0,28.0,9.0,36.0,28.3,80.0,5.6,2.8,1.0,1.0
2024-11-13,682.0,53.0,74.0,8.0,31.0,7.0,33.0,29.6,74.0,1.2,2.4,1.0,1.0
2024-11-14,683.0,61.0,96.0,19.0,26.0,9.0,34.0,30.0,76.0,0.0,4.6,1.0,1.0
2024-11-15,684.0,69.0,106.0,22.0,31.0,13.0,49.0,30.0,73.0,0.0,5.0,1.0,1.0
2024-11-16,685.0,76.0,109.0,12.0,28.0,13.0,40.0,28.6,84.0,1.0,3.5,1.0,1.0
2024-11-17,686.0,76.0,115.0,11.0,38.0,14.0,47.0,29.6,78.0,7.2,1.2,1.0,1.0
2024-11-18,687.0,52.0,68.0,9.0,25.0,9.0,32.0,28.6,83.0,17.8,3.4,2.0,1.0
2024-11-19,688.0,38.0,61.0,10.0,28.0,16.0,36.0,29.2,78.0,0.0,5.8,1.0,1.0
2024-11-20,689.0,44.0,62.0,13.0,28.0,19.0,40.0,29.5,75.0,8.0,4.4,1.0,1.0
2024-11-21,690.0,46.0,64.0,16.0,26.0,16.0,36.0,29.7,75.0,0.0,4.2,1.0,1.0
2024-11-22,691.0,32.0,48.0,13.0,24.0,17.0,31.0,29.4,74.0,0.0,5.6,2.0,1.0
2024-11-23,692.0,34.0,54.0,12.0,26.0,18.0,29.0,29.0,77.0,0.0,5.5,1.0,1.0
2024-11-24,693.0,40.0,51.0,10.0,25.0,11.0,22.0,29.6,73.0,0.0,2.4,1.0,1.0
2024-11-25,694.0,31.0,44.0,14.0,24.0,14.0,27.0,30.1,72.0,0.0,3.8,2.0,1.0
2024-11-26,695.0,40.0,55.0,13.0,26.0,14.0,29.0,28.9,76.0,0.0,3.1,1.0,1.0
2024-11-27,696.0,50.0,61.0,10.0,33.0,10.0,27.0,29.0,79.0,1.6,5.5,1.0,1.0
2024-11-28,697.0,30.0,42.0,9.0,25.0,9.0,24.0,29.4,72.0,50.0,2.3,2.0,8.0
2024-11-29,698.0,29.0,32.0,10.0,23.0,8.0,21.0,29.8,67.0,0.6,2.0,2.0,1.0
2024-11-30,699.0,27.0,40.0,10.0,22.0,7.0,16.0,30.4,66.0,0.0,0.9,2.0,8.0
2024-12-01,700.0,32.0,65.0,67.0,7.0,9.0,40.0,30.4,68.0,0.6,2.5,3.0,7.0
2024-12-02,701.0,19.0,52.0,67.0,6.0,9.0,33.0,29.3,72.0,5.0,6.8,3.0,8.0
2024-12-03,702.0,19.0,31.0,67.0,4.0,12.0,15.0,27.3,79.0,26.0,1.4,2.0,1.0
2024-12-04,703.0,30.0,45.0,67.0,7.0,10.0,22.0,27.1,83.0,4.0,0.5,2.0,8.0
2024-12-05,704.0,17.0,26.0,67.0,3.0,12.0,13.0,27.7,82.0,10.4,0.0,1.0,1.0
2024-12-06,705.0,26.0,47.0,68.0,4.0,11.0,17.0,27.1,86.0,48.2,1.5,0.0,1.0
2024-12-07,706.0,66.0,103.0,69.0,27.0,12.0,98.0,27.7,87.0,17.7,0.2,0.0,1.0
2024-12-08,707.0,38.0,67.0,68.0,15.0,18.0,57.0,28.2,82.0,30.4,1.4,1.0,1.0
2024-12-09,708.0,42.0,69.0,69.0,11.0,11.0,29.0,27.5,85.0,0.0,1.5,0.0,1.0
2024-12-10,709.0,38.0,56.0,68.0,12.0,7.0,61.0,27.7,82.0,26.0,0.0,3.0,8.0
2024-12-11,710.0,14.0,26.0,68.0,3.0,11.0,15.0,29.7,71.0,1.0,0.3,1.0,1.0
2024-12-12,711.0,19.0,40.0,68.0,3.0,13.0,10.0,29.7,69.0,1.0,2.4,2.0,8.0
2024-12-13,712.0,21.0,52.0,69.0,4.0,13.0,14.0,30.1,68.0,1.5,4.0,1.0,1.0
2024-12-14,713.0,22.0,40.0,68.0,4.0,11.0,15.0,28.4,75.0,1.2,3.1,2.0,8.0
2024-12-15,714.0,18.0,40.0,68.0,6.0,10.0,21.0,28.3,78.0,11.3,0.2,1.0,1.0
2024-12-16,715.0,27.0,48.0,68.0,5.0,10.0,21.0,28.4,79.0,19.0,0.3,1.0,1.0
2024-12-17,716.0,27.0,37.0,68.0,6.0,10.0,30.0,28.3,82.0,7.0,0.5,1.0,1.0
2024-12-18,717.0,50.0,67.0,69.0,8.0,8.0,59.0,29.1,72.0,10.8,2.0,2.0,8.0
2024-12-19,718.0,18.0,35.0,68.0,5.0,8.0,27.0,28.1,82.0,1.0,4.2,1.0,1.0
2024-12-20,719.0,25.0,46.0,69.0,5.0,10.0,32.0,28.1,82.0,56.0,1.9,1.0,1.0
2024-12-21,720.0,23.0,53.0,26.0,5.0,11.0,30.0,28.1,81.0,10.0,2.6,2.0,1.0
2024-12-22,721.0,53.0,80.0,16.0,11.0,13.0,31.0,27.8,87.0,19.0,1.6,1.0,1.0
2024-12-23,722.0,52.0,78.0,12.0,15.0,11.0,45.0,26.9,93.0,44.0,2.5,1.0,1.0
2024-12-24,723.0,38.0,55.0,12.0,9.0,10.0,33.0,28.0,79.0,17.0,2.7,1.0,1.0
2024-12-25,724.0,52.0,79.0,12.0,11.0,11.0,52.0,27.9,86.0,3.0,0.6,1.0,1.0
2024-12-26,725.0,39.0,62.0,12.0,11.0,9.0,35.0,29.4,74.0,8.0,6.4,1.0,1.0
2024-12-27,726.0,53.0,83.0,12.0,10.0,11.0,36.0,29.2,78.0,7.5,1.2,2.0,1.0
2024-12-28,727.0,64.0,101.0,14.0,9.0,11.0,35.0,30.0,70.0,0.6,3.8,2.0,1.0
2024-12-29,728.0,51.0,21.0,13.0,10.0,13.0,35.0,29.7,73.0,0.0,3.0,1.0,1.0
2024-12-30,729.0,35.0,10.0,13.0,5.0,12.0,13.0,28.4,76.0,1.0,1.8,2.0,7.0
2024-12-31,730.0,29.0,11.0,6.0,13.0,10.0,18.0,28.4,76.0,2.0,2.4,2.0,8.0
